float adds,float mult,float div,float comp,float total only math,float total with comp,total runtime,performance,performance (w/ comp)
338050.0,180862.0,10947.0,80938.0,529859.0,610797.0,2180428.0,0.243007,0.280127
338050.0,180862.0,10947.0,80938.0,529859.0,610797.0,2278950.0,0.232501,0.268017
338050.0,180862.0,10947.0,80938.0,529859.0,610797.0,2705148.0,0.195871,0.225791
338050.0,180862.0,10947.0,80938.0,529859.0,610797.0,2482712.0,0.213419,0.24602
338050.0,180862.0,10947.0,80938.0,529859.0,610797.0,3131620.0,0.169196,0.195042
338050.0,180862.0,10947.0,80938.0,529859.0,610797.0,2717952.0,0.194948,0.224727
338050.0,180862.0,10947.0,80938.0,529859.0,610797.0,2862786.0,0.185085,0.213358
338050.0,180862.0,10947.0,80938.0,529859.0,610797.0,2828919.0,0.187301,0.215912
338050.0,180862.0,10947.0,80938.0,529859.0,610797.0,2527298.0,0.209654,0.24168
338050.0,180862.0,10947.0,80938.0,529859.0,610797.0,2502712.0,0.211714,0.244054
338050.0,180862.0,10947.0,80938.0,529859.0,610797.0,2892630.0,0.183176,0.211156
338050.0,180862.0,10947.0,80938.0,529859.0,610797.0,2746106.0,0.192949,0.222423
338050.0,180862.0,10947.0,80938.0,529859.0,610797.0,2801203.0,0.189154,0.218048
338050.0,180862.0,10947.0,80938.0,529859.0,610797.0,2414235.0,0.219473,0.252998
338050.0,180862.0,10947.0,80938.0,529859.0,610797.0,2523602.0,0.209961,0.242034
338050.0,180862.0,10947.0,80938.0,529859.0,610797.0,2477192.0,0.213895,0.246568
338050.0,180862.0,10947.0,80938.0,529859.0,610797.0,2639861.0,0.200715,0.231375
338050.0,180862.0,10947.0,80938.0,529859.0,610797.0,3044746.0,0.174024,0.200607
338050.0,180862.0,10947.0,80938.0,529859.0,610797.0,2703551.0,0.195986,0.225924
338050.0,180862.0,10947.0,80938.0,529859.0,610797.0,2701058.0,0.196167,0.226133
338050.0,180862.0,10947.0,80938.0,529859.0,610797.0,3243408.0,0.163365,0.18832
338050.0,180862.0,10947.0,80938.0,529859.0,610797.0,2893672.0,0.18311,0.21108
338050.0,180862.0,10947.0,80938.0,529859.0,610797.0,2598740.0,0.203891,0.235036
338050.0,180862.0,10947.0,80938.0,529859.0,610797.0,2966862.0,0.178592,0.205873
338050.0,180862.0,10947.0,80938.0,529859.0,610797.0,2936096.0,0.180464,0.20803
338050.0,180862.0,10947.0,80938.0,529859.0,610797.0,2968216.0,0.178511,0.205779
338050.0,180862.0,10947.0,80938.0,529859.0,610797.0,2318276.0,0.228557,0.26347
338050.0,180862.0,10947.0,80938.0,529859.0,610797.0,2804354.0,0.188942,0.217803
338050.0,180862.0,10947.0,80938.0,529859.0,610797.0,2640014.0,0.200703,0.231361
338050.0,180862.0,10947.0,80938.0,529859.0,610797.0,3580999.0,0.147964,0.170566
338050.0,180862.0,10947.0,80938.0,529859.0,610797.0,3563386.0,0.148695,0.171409
338050.0,180862.0,10947.0,80938.0,529859.0,610797.0,1747808.0,0.303156,0.349465
338050.0,180862.0,10947.0,80938.0,529859.0,610797.0,2345180.0,0.225935,0.260448
338050.0,180862.0,10947.0,80938.0,529859.0,610797.0,2527554.0,0.209633,0.241655
338050.0,180862.0,10947.0,80938.0,529859.0,610797.0,2851626.0,0.185809,0.214193
338050.0,180862.0,10947.0,80938.0,529859.0,610797.0,2922003.0,0.181334,0.209034
338050.0,180862.0,10947.0,80938.0,529859.0,610797.0,3259786.0,0.162544,0.187373
338050.0,180862.0,10947.0,80938.0,529859.0,610797.0,2785187.0,0.190242,0.219302
338050.0,180862.0,10947.0,80938.0,529859.0,610797.0,2428958.0,0.218143,0.251465
338050.0,180862.0,10947.0,80938.0,529859.0,610797.0,3077552.0,0.172169,0.198468
338050.0,180862.0,10947.0,80938.0,529859.0,610797.0,2335484.0,0.226873,0.261529
338050.0,180862.0,10947.0,80938.0,529859.0,610797.0,3200406.0,0.16556,0.19085
338050.0,180862.0,10947.0,80938.0,529859.0,610797.0,3138950.0,0.168801,0.194586
338050.0,180862.0,10947.0,80938.0,529859.0,610797.0,2619984.0,0.202237,0.23313
338050.0,180862.0,10947.0,80938.0,529859.0,610797.0,3090635.0,0.17144,0.197628
338050.0,180862.0,10947.0,80938.0,529859.0,610797.0,2238196.0,0.236735,0.272897
338050.0,180862.0,10947.0,80938.0,529859.0,610797.0,2865986.0,0.184878,0.213119
338050.0,180862.0,10947.0,80938.0,529859.0,610797.0,2853916.0,0.18566,0.214021
338050.0,180862.0,10947.0,80938.0,529859.0,610797.0,3186140.0,0.166301,0.191704
338050.0,180862.0,10947.0,80938.0,529859.0,610797.0,2665754.0,0.198765,0.229127
338050.0,180862.0,10947.0,80938.0,529859.0,610797.0,2492378.0,0.212592,0.245066
338050.0,180862.0,10947.0,80938.0,529859.0,610797.0,2751062.0,0.192602,0.222022
338050.0,180862.0,10947.0,80938.0,529859.0,610797.0,2871916.0,0.184497,0.212679
338050.0,180862.0,10947.0,80938.0,529859.0,610797.0,3145475.0,0.168451,0.194183
338050.0,180862.0,10947.0,80938.0,529859.0,610797.0,3122828.0,0.169673,0.195591
338050.0,180862.0,10947.0,80938.0,529859.0,610797.0,3210755.0,0.165026,0.190235
338050.0,180862.0,10947.0,80938.0,529859.0,610797.0,2408140.0,0.220028,0.253638
338050.0,180862.0,10947.0,80938.0,529859.0,610797.0,2296052.0,0.23077,0.266021
338050.0,180862.0,10947.0,80938.0,529859.0,610797.0,2735776.0,0.193678,0.223263
338050.0,180862.0,10947.0,80938.0,529859.0,610797.0,2643372.0,0.200448,0.231067
338050.0,180862.0,10947.0,80938.0,529859.0,610797.0,2905220.0,0.182382,0.210241
338050.0,180862.0,10947.0,80938.0,529859.0,610797.0,2942222.0,0.180088,0.207597
338050.0,180862.0,10947.0,80938.0,529859.0,610797.0,2722828.0,0.194599,0.224324
338050.0,180862.0,10947.0,80938.0,529859.0,610797.0,2581932.0,0.205218,0.236566
338050.0,180862.0,10947.0,80938.0,529859.0,610797.0,2134644.0,0.248219,0.286135
338050.0,180862.0,10947.0,80938.0,529859.0,610797.0,2708564.0,0.195624,0.225506
338050.0,180862.0,10947.0,80938.0,529859.0,610797.0,2783843.0,0.190334,0.219408
338050.0,180862.0,10947.0,80938.0,529859.0,610797.0,2848786.0,0.185995,0.214406
338050.0,180862.0,10947.0,80938.0,529859.0,610797.0,2579513.0,0.20541,0.236788
338050.0,180862.0,10947.0,80938.0,529859.0,610797.0,3085750.0,0.171712,0.197941
338050.0,180862.0,10947.0,80938.0,529859.0,610797.0,2687494.0,0.197157,0.227274
338050.0,180862.0,10947.0,80938.0,529859.0,610797.0,2555453.0,0.207344,0.239017
338050.0,180862.0,10947.0,80938.0,529859.0,610797.0,3061915.0,0.173048,0.199482
338050.0,180862.0,10947.0,80938.0,529859.0,610797.0,2916745.0,0.181661,0.20941
338050.0,180862.0,10947.0,80938.0,529859.0,610797.0,2852174.0,0.185774,0.214151
338050.0,180862.0,10947.0,80938.0,529859.0,610797.0,2813813.0,0.188306,0.217071
338050.0,180862.0,10947.0,80938.0,529859.0,610797.0,3031384.0,0.174791,0.201491
338050.0,180862.0,10947.0,80938.0,529859.0,610797.0,2454668.0,0.215858,0.248831
338050.0,180862.0,10947.0,80938.0,529859.0,610797.0,2459052.0,0.215473,0.248387
338050.0,180862.0,10947.0,80938.0,529859.0,610797.0,2956048.0,0.179246,0.206626
338050.0,180862.0,10947.0,80938.0,529859.0,610797.0,3082714.0,0.171881,0.198136
338050.0,180862.0,10947.0,80938.0,529859.0,610797.0,2591550.0,0.204456,0.235688
338050.0,180862.0,10947.0,80938.0,529859.0,610797.0,2979825.0,0.177815,0.204977
338050.0,180862.0,10947.0,80938.0,529859.0,610797.0,2276532.0,0.232748,0.268302
338050.0,180862.0,10947.0,80938.0,529859.0,610797.0,2795620.0,0.189532,0.218484
338050.0,180862.0,10947.0,80938.0,529859.0,610797.0,2663836.0,0.198908,0.229292
338050.0,180862.0,10947.0,80938.0,529859.0,610797.0,2607070.0,0.203239,0.234285
338050.0,180862.0,10947.0,80938.0,529859.0,610797.0,3171294.0,0.16708,0.192602
338050.0,180862.0,10947.0,80938.0,529859.0,610797.0,2520584.0,0.210213,0.242324
338050.0,180862.0,10947.0,80938.0,529859.0,610797.0,2855229.0,0.185575,0.213922
338050.0,180862.0,10947.0,80938.0,529859.0,610797.0,2951659.0,0.179512,0.206933
338050.0,180862.0,10947.0,80938.0,529859.0,610797.0,2970082.0,0.178399,0.20565
338050.0,180862.0,10947.0,80938.0,529859.0,610797.0,2382008.0,0.222442,0.256421
338050.0,180862.0,10947.0,80938.0,529859.0,610797.0,3245154.0,0.163277,0.188218
338050.0,180862.0,10947.0,80938.0,529859.0,610797.0,3554205.0,0.149079,0.171852
338050.0,180862.0,10947.0,80938.0,529859.0,610797.0,2467694.0,0.214718,0.247517
338050.0,180862.0,10947.0,80938.0,529859.0,610797.0,2814953.0,0.18823,0.216983
338050.0,180862.0,10947.0,80938.0,529859.0,610797.0,4153014.0,0.127584,0.147073
338050.0,180862.0,10947.0,80938.0,529859.0,610797.0,2548552.0,0.207906,0.239664
338050.0,180862.0,10947.0,80938.0,529859.0,610797.0,3152866.0,0.168056,0.193728
338050.0,180862.0,10947.0,80938.0,529859.0,610797.0,2887161.0,0.183522,0.211556
338050.0,180862.0,10947.0,80938.0,529859.0,610797.0,2418264.0,0.219107,0.252577
338050.0,180862.0,10947.0,80938.0,529859.0,610797.0,3096116.0,0.171137,0.197278
338050.0,180862.0,10947.0,80938.0,529859.0,610797.0,3132613.0,0.169143,0.19498
338050.0,180862.0,10947.0,80938.0,529859.0,610797.0,2978831.0,0.177875,0.205046
338050.0,180862.0,10947.0,80938.0,529859.0,610797.0,3343677.0,0.158466,0.182672
338050.0,180862.0,10947.0,80938.0,529859.0,610797.0,2530497.0,0.209389,0.241374
338050.0,180862.0,10947.0,80938.0,529859.0,610797.0,3004473.0,0.176357,0.203296
338050.0,180862.0,10947.0,80938.0,529859.0,610797.0,2352388.0,0.225243,0.25965
338050.0,180862.0,10947.0,80938.0,529859.0,610797.0,3001826.0,0.176512,0.203475
338050.0,180862.0,10947.0,80938.0,529859.0,610797.0,2767590.0,0.191451,0.220696
338050.0,180862.0,10947.0,80938.0,529859.0,610797.0,2819464.0,0.187929,0.216636
338050.0,180862.0,10947.0,80938.0,529859.0,610797.0,2338940.0,0.226538,0.261143
338050.0,180862.0,10947.0,80938.0,529859.0,610797.0,2718042.0,0.194941,0.224719
338050.0,180862.0,10947.0,80938.0,529859.0,610797.0,2521746.0,0.210116,0.242212
338050.0,180862.0,10947.0,80938.0,529859.0,610797.0,3128132.0,0.169385,0.195259
338050.0,180862.0,10947.0,80938.0,529859.0,610797.0,3202021.0,0.165476,0.190754
338050.0,180862.0,10947.0,80938.0,529859.0,610797.0,2806310.0,0.18881,0.217651
338050.0,180862.0,10947.0,80938.0,529859.0,610797.0,2945380.0,0.179895,0.207375
338050.0,180862.0,10947.0,80938.0,529859.0,610797.0,2705484.0,0.195846,0.225763
338050.0,180862.0,10947.0,80938.0,529859.0,610797.0,2228916.0,0.23772,0.274033
338050.0,180862.0,10947.0,80938.0,529859.0,610797.0,2848142.0,0.186037,0.214455
338050.0,180862.0,10947.0,80938.0,529859.0,610797.0,2868140.0,0.18474,0.212959
338050.0,180862.0,10947.0,80938.0,529859.0,610797.0,2713598.0,0.195261,0.225088
338050.0,180862.0,10947.0,80938.0,529859.0,610797.0,3151893.0,0.168108,0.193787
338050.0,180862.0,10947.0,80938.0,529859.0,610797.0,2286254.0,0.231759,0.267161
338050.0,180862.0,10947.0,80938.0,529859.0,610797.0,3133211.0,0.169111,0.194943
338050.0,180862.0,10947.0,80938.0,529859.0,610797.0,2289214.0,0.231459,0.266815
338050.0,180862.0,10947.0,80938.0,529859.0,610797.0,3002624.0,0.176465,0.203421
338050.0,180862.0,10947.0,80938.0,529859.0,610797.0,2331024.0,0.227307,0.262029
338050.0,180862.0,10947.0,80938.0,529859.0,610797.0,3014169.0,0.175789,0.202642
338050.0,180862.0,10947.0,80938.0,529859.0,610797.0,2932124.0,0.180708,0.208312
338050.0,180862.0,10947.0,80938.0,529859.0,610797.0,3231792.0,0.163952,0.188996
338050.0,180862.0,10947.0,80938.0,529859.0,610797.0,2552354.0,0.207596,0.239307
338050.0,180862.0,10947.0,80938.0,529859.0,610797.0,2797978.0,0.189372,0.218299
338050.0,180862.0,10947.0,80938.0,529859.0,610797.0,2395014.0,0.221234,0.255029
338050.0,180862.0,10947.0,80938.0,529859.0,610797.0,2660897.0,0.199128,0.229546
338050.0,180862.0,10947.0,80938.0,529859.0,610797.0,3365010.0,0.157461,0.181514
338050.0,180862.0,10947.0,80938.0,529859.0,610797.0,2948420.0,0.179709,0.207161
338050.0,180862.0,10947.0,80938.0,529859.0,610797.0,2888050.0,0.183466,0.211491
338050.0,180862.0,10947.0,80938.0,529859.0,610797.0,2476052.0,0.213993,0.246682
338050.0,180862.0,10947.0,80938.0,529859.0,610797.0,2315644.0,0.228817,0.26377
338050.0,180862.0,10947.0,80938.0,529859.0,610797.0,2342604.0,0.226184,0.260734
338050.0,180862.0,10947.0,80938.0,529859.0,610797.0,2452272.0,0.216069,0.249074
338050.0,180862.0,10947.0,80938.0,529859.0,610797.0,3100621.0,0.170888,0.196992
338050.0,180862.0,10947.0,80938.0,529859.0,610797.0,3011956.0,0.175919,0.202791
338050.0,180862.0,10947.0,80938.0,529859.0,610797.0,3151098.0,0.168151,0.193836
338050.0,180862.0,10947.0,80938.0,529859.0,610797.0,3116549.0,0.170015,0.195985
338050.0,180862.0,10947.0,80938.0,529859.0,610797.0,2634137.0,0.201151,0.231877
338050.0,180862.0,10947.0,80938.0,529859.0,610797.0,1465882.0,0.361461,0.416675
338050.0,180862.0,10947.0,80938.0,529859.0,610797.0,2952280.0,0.179475,0.20689
338050.0,180862.0,10947.0,80938.0,529859.0,610797.0,2292474.0,0.23113,0.266436
338050.0,180862.0,10947.0,80938.0,529859.0,610797.0,4055734.0,0.130644,0.150601
338050.0,180862.0,10947.0,80938.0,529859.0,610797.0,2936820.0,0.180419,0.207979
338050.0,180862.0,10947.0,80938.0,529859.0,610797.0,2730195.0,0.194074,0.223719
338050.0,180862.0,10947.0,80938.0,529859.0,610797.0,2976956.0,0.177987,0.205175
338050.0,180862.0,10947.0,80938.0,529859.0,610797.0,2921908.0,0.18134,0.20904
338050.0,180862.0,10947.0,80938.0,529859.0,610797.0,2920600.0,0.181421,0.209134
338050.0,180862.0,10947.0,80938.0,529859.0,610797.0,2779324.0,0.190643,0.219765
338050.0,180862.0,10947.0,80938.0,529859.0,610797.0,2466118.0,0.214855,0.247675
338050.0,180862.0,10947.0,80938.0,529859.0,610797.0,2469116.0,0.214595,0.247375
338050.0,180862.0,10947.0,80938.0,529859.0,610797.0,2122648.0,0.249622,0.287752
338050.0,180862.0,10947.0,80938.0,529859.0,610797.0,2611690.0,0.20288,0.23387
338050.0,180862.0,10947.0,80938.0,529859.0,610797.0,3210090.0,0.16506,0.190274
338050.0,180862.0,10947.0,80938.0,529859.0,610797.0,2706772.0,0.195753,0.225655
338050.0,180862.0,10947.0,80938.0,529859.0,610797.0,3312737.0,0.159946,0.184378
338050.0,180862.0,10947.0,80938.0,529859.0,610797.0,2073100.0,0.255588,0.29463
338050.0,180862.0,10947.0,80938.0,529859.0,610797.0,3372294.0,0.157121,0.181122
338050.0,180862.0,10947.0,80938.0,529859.0,610797.0,2419136.0,0.219028,0.252486
338050.0,180862.0,10947.0,80938.0,529859.0,610797.0,2532004.0,0.209265,0.241231
338050.0,180862.0,10947.0,80938.0,529859.0,610797.0,2733479.0,0.193841,0.22345
338050.0,180862.0,10947.0,80938.0,529859.0,610797.0,2846280.0,0.186158,0.214595
338050.0,180862.0,10947.0,80938.0,529859.0,610797.0,2352012.0,0.225279,0.259691
338050.0,180862.0,10947.0,80938.0,529859.0,610797.0,2371264.0,0.22345,0.257583
338050.0,180862.0,10947.0,80938.0,529859.0,610797.0,2763708.0,0.19172,0.221006
338050.0,180862.0,10947.0,80938.0,529859.0,610797.0,2454625.0,0.215861,0.248835
338050.0,180862.0,10947.0,80938.0,529859.0,610797.0,3114857.0,0.170107,0.196092
338050.0,180862.0,10947.0,80938.0,529859.0,610797.0,2742532.0,0.193201,0.222713
338050.0,180862.0,10947.0,80938.0,529859.0,610797.0,2940988.0,0.180164,0.207684
338050.0,180862.0,10947.0,80938.0,529859.0,610797.0,2946922.0,0.179801,0.207266
338050.0,180862.0,10947.0,80938.0,529859.0,610797.0,2494884.0,0.212378,0.24482
338050.0,180862.0,10947.0,80938.0,529859.0,610797.0,2845686.0,0.186197,0.21464
338050.0,180862.0,10947.0,80938.0,529859.0,610797.0,2649534.0,0.199982,0.23053
338050.0,180862.0,10947.0,80938.0,529859.0,610797.0,2390324.0,0.221668,0.255529
338050.0,180862.0,10947.0,80938.0,529859.0,610797.0,2706272.0,0.195789,0.225697
338050.0,180862.0,10947.0,80938.0,529859.0,610797.0,3230457.0,0.16402,0.189074
338050.0,180862.0,10947.0,80938.0,529859.0,610797.0,3193274.0,0.16593,0.191276
338050.0,180862.0,10947.0,80938.0,529859.0,610797.0,2454420.0,0.21588,0.248856
338050.0,180862.0,10947.0,80938.0,529859.0,610797.0,2472444.0,0.214306,0.247042
338050.0,180862.0,10947.0,80938.0,529859.0,610797.0,3483754.0,0.152094,0.175327
338050.0,180862.0,10947.0,80938.0,529859.0,610797.0,2996586.0,0.176821,0.203831
338050.0,180862.0,10947.0,80938.0,529859.0,610797.0,2404198.0,0.220389,0.254054
338050.0,180862.0,10947.0,80938.0,529859.0,610797.0,2440124.0,0.217144,0.250314
338050.0,180862.0,10947.0,80938.0,529859.0,610797.0,3080365.0,0.172012,0.198287
338050.0,180862.0,10947.0,80938.0,529859.0,610797.0,3061316.0,0.173082,0.199521
338050.0,180862.0,10947.0,80938.0,529859.0,610797.0,3156781.0,0.167848,0.193487
338050.0,180862.0,10947.0,80938.0,529859.0,610797.0,3291998.0,0.160954,0.18554
338050.0,180862.0,10947.0,80938.0,529859.0,610797.0,3632418.0,0.14587,0.168152
338050.0,180862.0,10947.0,80938.0,529859.0,610797.0,2568340.0,0.206304,0.237818
338050.0,180862.0,10947.0,80938.0,529859.0,610797.0,2848104.0,0.186039,0.214457
338050.0,180862.0,10947.0,80938.0,529859.0,610797.0,2858050.0,0.185392,0.213711
338050.0,180862.0,10947.0,80938.0,529859.0,610797.0,2524372.0,0.209897,0.24196
338050.0,180862.0,10947.0,80938.0,529859.0,610797.0,2533766.0,0.209119,0.241063
338050.0,180862.0,10947.0,80938.0,529859.0,610797.0,2832414.0,0.18707,0.215645
338050.0,180862.0,10947.0,80938.0,529859.0,610797.0,2462080.0,0.215208,0.248082
338050.0,180862.0,10947.0,80938.0,529859.0,610797.0,2543160.0,0.208347,0.240172
338050.0,180862.0,10947.0,80938.0,529859.0,610797.0,2521292.0,0.210154,0.242256
338050.0,180862.0,10947.0,80938.0,529859.0,610797.0,2438828.0,0.21726,0.250447
338050.0,180862.0,10947.0,80938.0,529859.0,610797.0,2772825.0,0.19109,0.22028
338050.0,180862.0,10947.0,80938.0,529859.0,610797.0,2480370.0,0.213621,0.246252
338050.0,180862.0,10947.0,80938.0,529859.0,610797.0,2477326.0,0.213883,0.246555
338050.0,180862.0,10947.0,80938.0,529859.0,610797.0,2702798.0,0.196041,0.225987
338050.0,180862.0,10947.0,80938.0,529859.0,610797.0,2865090.0,0.184936,0.213186
338050.0,180862.0,10947.0,80938.0,529859.0,610797.0,2831444.0,0.187134,0.215719
338050.0,180862.0,10947.0,80938.0,529859.0,610797.0,2542220.0,0.208424,0.240261
338050.0,180862.0,10947.0,80938.0,529859.0,610797.0,2885884.0,0.183604,0.21165
338050.0,180862.0,10947.0,80938.0,529859.0,610797.0,3079447.0,0.172063,0.198346
338050.0,180862.0,10947.0,80938.0,529859.0,610797.0,2971616.0,0.178307,0.205544
338050.0,180862.0,10947.0,80938.0,529859.0,610797.0,2319684.0,0.228419,0.26331
338050.0,180862.0,10947.0,80938.0,529859.0,610797.0,3058752.0,0.173227,0.199688
338050.0,180862.0,10947.0,80938.0,529859.0,610797.0,2895194.0,0.183013,0.210969
338050.0,180862.0,10947.0,80938.0,529859.0,610797.0,3170670.0,0.167113,0.19264
338050.0,180862.0,10947.0,80938.0,529859.0,610797.0,2635484.0,0.201048,0.231759
338050.0,180862.0,10947.0,80938.0,529859.0,610797.0,3130357.0,0.169265,0.195121
338050.0,180862.0,10947.0,80938.0,529859.0,610797.0,2338748.0,0.226557,0.261164
338050.0,180862.0,10947.0,80938.0,529859.0,610797.0,2154764.0,0.245901,0.283464
338050.0,180862.0,10947.0,80938.0,529859.0,610797.0,2479386.0,0.213706,0.24635
338050.0,180862.0,10947.0,80938.0,529859.0,610797.0,2803860.0,0.188975,0.217841
338050.0,180862.0,10947.0,80938.0,529859.0,610797.0,2365380.0,0.224006,0.258224
338050.0,180862.0,10947.0,80938.0,529859.0,610797.0,3111320.0,0.1703,0.196314
338050.0,180862.0,10947.0,80938.0,529859.0,610797.0,3007996.0,0.17615,0.203058
338050.0,180862.0,10947.0,80938.0,529859.0,610797.0,2785030.0,0.190253,0.219314
338050.0,180862.0,10947.0,80938.0,529859.0,610797.0,2143560.0,0.247186,0.284945
338050.0,180862.0,10947.0,80938.0,529859.0,610797.0,3544783.0,0.149476,0.172309
338050.0,180862.0,10947.0,80938.0,529859.0,610797.0,2816722.0,0.188112,0.216847
338050.0,180862.0,10947.0,80938.0,529859.0,610797.0,2694509.0,0.196644,0.226682
338050.0,180862.0,10947.0,80938.0,529859.0,610797.0,2910642.0,0.182042,0.20985
338050.0,180862.0,10947.0,80938.0,529859.0,610797.0,2806359.0,0.188807,0.217647
338050.0,180862.0,10947.0,80938.0,529859.0,610797.0,2715975.0,0.19509,0.224891
338050.0,180862.0,10947.0,80938.0,529859.0,610797.0,3027668.0,0.175006,0.201738
338050.0,180862.0,10947.0,80938.0,529859.0,610797.0,2918618.0,0.181544,0.209276
338050.0,180862.0,10947.0,80938.0,529859.0,610797.0,2371672.0,0.223412,0.257539
338050.0,180862.0,10947.0,80938.0,529859.0,610797.0,2987426.0,0.177363,0.204456
338050.0,180862.0,10947.0,80938.0,529859.0,610797.0,2821302.0,0.187807,0.216495
338050.0,180862.0,10947.0,80938.0,529859.0,610797.0,2368990.0,0.223665,0.25783
338050.0,180862.0,10947.0,80938.0,529859.0,610797.0,2472132.0,0.214333,0.247073
338050.0,180862.0,10947.0,80938.0,529859.0,610797.0,3270005.0,0.162036,0.186788
338050.0,180862.0,10947.0,80938.0,529859.0,610797.0,2611308.0,0.202909,0.233905
338050.0,180862.0,10947.0,80938.0,529859.0,610797.0,2560770.0,0.206914,0.238521
338050.0,180862.0,10947.0,80938.0,529859.0,610797.0,2807336.0,0.188741,0.217572
338050.0,180862.0,10947.0,80938.0,529859.0,610797.0,2870856.0,0.184565,0.212758
338050.0,180862.0,10947.0,80938.0,529859.0,610797.0,2519380.0,0.210313,0.242439
338050.0,180862.0,10947.0,80938.0,529859.0,610797.0,2483820.0,0.213324,0.24591
338050.0,180862.0,10947.0,80938.0,529859.0,610797.0,3635210.0,0.145757,0.168022
338050.0,180862.0,10947.0,80938.0,529859.0,610797.0,2760496.0,0.191943,0.221263
338050.0,180862.0,10947.0,80938.0,529859.0,610797.0,2295602.0,0.230815,0.266073
338050.0,180862.0,10947.0,80938.0,529859.0,610797.0,3026556.0,0.17507,0.201813
338050.0,180862.0,10947.0,80938.0,529859.0,610797.0,2517322.0,0.210485,0.242638
338050.0,180862.0,10947.0,80938.0,529859.0,610797.0,2925386.0,0.181124,0.208792
338050.0,180862.0,10947.0,80938.0,529859.0,610797.0,2209032.0,0.23986,0.2765
338050.0,180862.0,10947.0,80938.0,529859.0,610797.0,2429800.0,0.218067,0.251377
338050.0,180862.0,10947.0,80938.0,529859.0,610797.0,3017599.0,0.17559,0.202412
338050.0,180862.0,10947.0,80938.0,529859.0,610797.0,2726706.0,0.194322,0.224005
338050.0,180862.0,10947.0,80938.0,529859.0,610797.0,2586632.0,0.204845,0.236136
338050.0,180862.0,10947.0,80938.0,529859.0,610797.0,2557426.0,0.207184,0.238833
338050.0,180862.0,10947.0,80938.0,529859.0,610797.0,2350198.0,0.225453,0.259892
338050.0,180862.0,10947.0,80938.0,529859.0,610797.0,2397228.0,0.22103,0.254793
338050.0,180862.0,10947.0,80938.0,529859.0,610797.0,2333576.0,0.227059,0.261743
338050.0,180862.0,10947.0,80938.0,529859.0,610797.0,2586345.0,0.204868,0.236162
338050.0,180862.0,10947.0,80938.0,529859.0,610797.0,2360028.0,0.224514,0.258809
338050.0,180862.0,10947.0,80938.0,529859.0,610797.0,2908224.0,0.182193,0.210024
338050.0,180862.0,10947.0,80938.0,529859.0,610797.0,2632716.0,0.201259,0.232003
338050.0,180862.0,10947.0,80938.0,529859.0,610797.0,2459970.0,0.215392,0.248294
338050.0,180862.0,10947.0,80938.0,529859.0,610797.0,2638508.0,0.200818,0.231493
338050.0,180862.0,10947.0,80938.0,529859.0,610797.0,3095082.0,0.171194,0.197344
338050.0,180862.0,10947.0,80938.0,529859.0,610797.0,2449414.0,0.216321,0.249365
338050.0,180862.0,10947.0,80938.0,529859.0,610797.0,2836960.0,0.18677,0.2153
338050.0,180862.0,10947.0,80938.0,529859.0,610797.0,2396514.0,0.221096,0.254869
338050.0,180862.0,10947.0,80938.0,529859.0,610797.0,2205084.0,0.24029,0.276995
338050.0,180862.0,10947.0,80938.0,529859.0,610797.0,2714488.0,0.195197,0.225014
338050.0,180862.0,10947.0,80938.0,529859.0,610797.0,2745804.0,0.19297,0.222447
338050.0,180862.0,10947.0,80938.0,529859.0,610797.0,2856055.0,0.185521,0.21386
338050.0,180862.0,10947.0,80938.0,529859.0,610797.0,3928050.0,0.134891,0.155496
338050.0,180862.0,10947.0,80938.0,529859.0,610797.0,2926214.0,0.181073,0.208733
338050.0,180862.0,10947.0,80938.0,529859.0,610797.0,2494704.0,0.212394,0.244837
338050.0,180862.0,10947.0,80938.0,529859.0,610797.0,2636535.0,0.200968,0.231667
338050.0,180862.0,10947.0,80938.0,529859.0,610797.0,2568870.0,0.206262,0.237769
338050.0,180862.0,10947.0,80938.0,529859.0,610797.0,2859757.0,0.185281,0.213584
338050.0,180862.0,10947.0,80938.0,529859.0,610797.0,2844286.0,0.186289,0.214745
338050.0,180862.0,10947.0,80938.0,529859.0,610797.0,2299380.0,0.230436,0.265636
338050.0,180862.0,10947.0,80938.0,529859.0,610797.0,2562573.0,0.206768,0.238353
338050.0,180862.0,10947.0,80938.0,529859.0,610797.0,2457204.0,0.215635,0.248574
338050.0,180862.0,10947.0,80938.0,529859.0,610797.0,2205440.0,0.240251,0.27695
338050.0,180862.0,10947.0,80938.0,529859.0,610797.0,2774418.0,0.19098,0.220153
338050.0,180862.0,10947.0,80938.0,529859.0,610797.0,3261731.0,0.162447,0.187262
338050.0,180862.0,10947.0,80938.0,529859.0,610797.0,2813576.0,0.188322,0.217089
338050.0,180862.0,10947.0,80938.0,529859.0,610797.0,2864535.0,0.184972,0.213227
338050.0,180862.0,10947.0,80938.0,529859.0,610797.0,2353908.0,0.225098,0.259482
338050.0,180862.0,10947.0,80938.0,529859.0,610797.0,3265038.0,0.162283,0.187072
338050.0,180862.0,10947.0,80938.0,529859.0,610797.0,3054442.0,0.173472,0.19997
338050.0,180862.0,10947.0,80938.0,529859.0,610797.0,2523720.0,0.209952,0.242022
338050.0,180862.0,10947.0,80938.0,529859.0,610797.0,2998454.0,0.176711,0.203704
338050.0,180862.0,10947.0,80938.0,529859.0,610797.0,2809336.0,0.188606,0.217417
338050.0,180862.0,10947.0,80938.0,529859.0,610797.0,2189496.0,0.242,0.278967
338050.0,180862.0,10947.0,80938.0,529859.0,610797.0,2746218.0,0.192941,0.222414
338050.0,180862.0,10947.0,80938.0,529859.0,610797.0,2955594.0,0.179273,0.206658
338050.0,180862.0,10947.0,80938.0,529859.0,610797.0,3056753.0,0.17334,0.199819
338050.0,180862.0,10947.0,80938.0,529859.0,610797.0,2853092.0,0.185714,0.214082
338050.0,180862.0,10947.0,80938.0,529859.0,610797.0,2890182.0,0.183331,0.211335
338050.0,180862.0,10947.0,80938.0,529859.0,610797.0,2918882.0,0.181528,0.209257
338050.0,180862.0,10947.0,80938.0,529859.0,610797.0,2775066.0,0.190936,0.220102
338050.0,180862.0,10947.0,80938.0,529859.0,610797.0,3327201.0,0.159251,0.183577
338050.0,180862.0,10947.0,80938.0,529859.0,610797.0,4083913.0,0.129743,0.149562
338050.0,180862.0,10947.0,80938.0,529859.0,610797.0,3299196.0,0.160602,0.185135
338050.0,180862.0,10947.0,80938.0,529859.0,610797.0,2646935.0,0.200178,0.230756
338050.0,180862.0,10947.0,80938.0,529859.0,610797.0,3000434.0,0.176594,0.20357
338050.0,180862.0,10947.0,80938.0,529859.0,610797.0,3007882.0,0.176157,0.203065
338050.0,180862.0,10947.0,80938.0,529859.0,610797.0,2255184.0,0.234952,0.270841
338050.0,180862.0,10947.0,80938.0,529859.0,610797.0,2313404.0,0.229039,0.264025
338050.0,180862.0,10947.0,80938.0,529859.0,610797.0,3367454.0,0.157347,0.181382
338050.0,180862.0,10947.0,80938.0,529859.0,610797.0,2813590.0,0.188321,0.217088
338050.0,180862.0,10947.0,80938.0,529859.0,610797.0,2573664.0,0.205877,0.237326
338050.0,180862.0,10947.0,80938.0,529859.0,610797.0,3103253.0,0.170743,0.196825
338050.0,180862.0,10947.0,80938.0,529859.0,610797.0,2762029.0,0.191837,0.221141
338050.0,180862.0,10947.0,80938.0,529859.0,610797.0,3101788.0,0.170824,0.196918
338050.0,180862.0,10947.0,80938.0,529859.0,610797.0,3119769.0,0.169839,0.195783
338050.0,180862.0,10947.0,80938.0,529859.0,610797.0,3191357.0,0.166029,0.191391
338050.0,180862.0,10947.0,80938.0,529859.0,610797.0,3048970.0,0.173783,0.200329
338050.0,180862.0,10947.0,80938.0,529859.0,610797.0,2860332.0,0.185244,0.213541
338050.0,180862.0,10947.0,80938.0,529859.0,610797.0,2723170.0,0.194574,0.224296
338050.0,180862.0,10947.0,80938.0,529859.0,610797.0,2797131.0,0.189429,0.218366
338050.0,180862.0,10947.0,80938.0,529859.0,610797.0,2409616.0,0.219894,0.253483
338050.0,180862.0,10947.0,80938.0,529859.0,610797.0,2921168.0,0.181386,0.209093
338050.0,180862.0,10947.0,80938.0,529859.0,610797.0,3056220.0,0.173371,0.199854
338050.0,180862.0,10947.0,80938.0,529859.0,610797.0,2180252.0,0.243026,0.28015
338050.0,180862.0,10947.0,80938.0,529859.0,610797.0,2404470.0,0.220364,0.254026
338050.0,180862.0,10947.0,80938.0,529859.0,610797.0,2243188.0,0.236208,0.27229
338050.0,180862.0,10947.0,80938.0,529859.0,610797.0,2477652.0,0.213855,0.246523
338050.0,180862.0,10947.0,80938.0,529859.0,610797.0,2478496.0,0.213782,0.246439
338050.0,180862.0,10947.0,80938.0,529859.0,610797.0,2619947.0,0.20224,0.233133
338050.0,180862.0,10947.0,80938.0,529859.0,610797.0,2941714.0,0.180119,0.207633
338050.0,180862.0,10947.0,80938.0,529859.0,610797.0,2705656.0,0.195834,0.225748
338050.0,180862.0,10947.0,80938.0,529859.0,610797.0,2745534.0,0.192989,0.222469
338050.0,180862.0,10947.0,80938.0,529859.0,610797.0,2845070.0,0.186238,0.214686
338050.0,180862.0,10947.0,80938.0,529859.0,610797.0,3181018.0,0.166569,0.192013
338050.0,180862.0,10947.0,80938.0,529859.0,610797.0,3597408.0,0.147289,0.169788
338050.0,180862.0,10947.0,80938.0,529859.0,610797.0,2773298.0,0.191057,0.220242
338050.0,180862.0,10947.0,80938.0,529859.0,610797.0,2784926.0,0.19026,0.219323
338050.0,180862.0,10947.0,80938.0,529859.0,610797.0,2503919.0,0.211612,0.243936
338050.0,180862.0,10947.0,80938.0,529859.0,610797.0,3151882.0,0.168109,0.193788
338050.0,180862.0,10947.0,80938.0,529859.0,610797.0,2426518.0,0.218362,0.251717
338050.0,180862.0,10947.0,80938.0,529859.0,610797.0,2465064.0,0.214947,0.247781
338050.0,180862.0,10947.0,80938.0,529859.0,610797.0,2689382.0,0.197019,0.227114
338050.0,180862.0,10947.0,80938.0,529859.0,610797.0,2394986.0,0.221237,0.255032
338050.0,180862.0,10947.0,80938.0,529859.0,610797.0,2378796.0,0.222743,0.256767
338050.0,180862.0,10947.0,80938.0,529859.0,610797.0,2708620.0,0.19562,0.225501
338050.0,180862.0,10947.0,80938.0,529859.0,610797.0,2285814.0,0.231803,0.267212
338050.0,180862.0,10947.0,80938.0,529859.0,610797.0,2774514.0,0.190974,0.220146
338050.0,180862.0,10947.0,80938.0,529859.0,610797.0,2674782.0,0.198094,0.228354
338050.0,180862.0,10947.0,80938.0,529859.0,610797.0,2709172.0,0.19558,0.225455
338050.0,180862.0,10947.0,80938.0,529859.0,610797.0,2496642.0,0.212229,0.244647
338050.0,180862.0,10947.0,80938.0,529859.0,610797.0,2283426.0,0.232046,0.267491
338050.0,180862.0,10947.0,80938.0,529859.0,610797.0,2917280.0,0.181628,0.209372
338050.0,180862.0,10947.0,80938.0,529859.0,610797.0,2982233.0,0.177672,0.204812
338050.0,180862.0,10947.0,80938.0,529859.0,610797.0,3194030.0,0.16589,0.191231
338050.0,180862.0,10947.0,80938.0,529859.0,610797.0,2668992.0,0.198524,0.228849
338050.0,180862.0,10947.0,80938.0,529859.0,610797.0,2462750.0,0.215149,0.248014
338050.0,180862.0,10947.0,80938.0,529859.0,610797.0,2743008.0,0.193167,0.222674
338050.0,180862.0,10947.0,80938.0,529859.0,610797.0,2510634.0,0.211046,0.243284
338050.0,180862.0,10947.0,80938.0,529859.0,610797.0,2433540.0,0.217732,0.250991
338050.0,180862.0,10947.0,80938.0,529859.0,610797.0,2177420.0,0.243343,0.280514
338050.0,180862.0,10947.0,80938.0,529859.0,610797.0,2753028.0,0.192464,0.221864
338050.0,180862.0,10947.0,80938.0,529859.0,610797.0,2933514.0,0.180623,0.208213
338050.0,180862.0,10947.0,80938.0,529859.0,610797.0,3244774.0,0.163296,0.18824
338050.0,180862.0,10947.0,80938.0,529859.0,610797.0,2592130.0,0.204411,0.235635
338050.0,180862.0,10947.0,80938.0,529859.0,610797.0,2001908.0,0.264677,0.305107
338050.0,180862.0,10947.0,80938.0,529859.0,610797.0,2590288.0,0.204556,0.235803
338050.0,180862.0,10947.0,80938.0,529859.0,610797.0,2744045.0,0.193094,0.22259
338050.0,180862.0,10947.0,80938.0,529859.0,610797.0,2186882.0,0.24229,0.2793
338050.0,180862.0,10947.0,80938.0,529859.0,610797.0,2700914.0,0.196178,0.226145
338050.0,180862.0,10947.0,80938.0,529859.0,610797.0,2697724.0,0.19641,0.226412
338050.0,180862.0,10947.0,80938.0,529859.0,610797.0,2899296.0,0.182754,0.210671
338050.0,180862.0,10947.0,80938.0,529859.0,610797.0,2422426.0,0.218731,0.252143
338050.0,180862.0,10947.0,80938.0,529859.0,610797.0,2848272.0,0.186028,0.214445
338050.0,180862.0,10947.0,80938.0,529859.0,610797.0,2774608.0,0.190967,0.220138
338050.0,180862.0,10947.0,80938.0,529859.0,610797.0,3066999.0,0.172761,0.199151
338050.0,180862.0,10947.0,80938.0,529859.0,610797.0,2628165.0,0.201608,0.232404
338050.0,180862.0,10947.0,80938.0,529859.0,610797.0,3427427.0,0.154594,0.178209
338050.0,180862.0,10947.0,80938.0,529859.0,610797.0,2942916.0,0.180046,0.207548
338050.0,180862.0,10947.0,80938.0,529859.0,610797.0,2921758.0,0.181349,0.209051
338050.0,180862.0,10947.0,80938.0,529859.0,610797.0,2491960.0,0.212627,0.245107
338050.0,180862.0,10947.0,80938.0,529859.0,610797.0,2271108.0,0.233304,0.268942
338050.0,180862.0,10947.0,80938.0,529859.0,610797.0,2835856.0,0.186843,0.215384
338050.0,180862.0,10947.0,80938.0,529859.0,610797.0,2753234.0,0.19245,0.221847
338050.0,180862.0,10947.0,80938.0,529859.0,610797.0,2738756.0,0.193467,0.22302
338050.0,180862.0,10947.0,80938.0,529859.0,610797.0,2908611.0,0.182169,0.209996
338050.0,180862.0,10947.0,80938.0,529859.0,610797.0,2741660.0,0.193262,0.222784
338050.0,180862.0,10947.0,80938.0,529859.0,610797.0,2892882.0,0.18316,0.211138
338050.0,180862.0,10947.0,80938.0,529859.0,610797.0,3667195.0,0.144486,0.166557
338050.0,180862.0,10947.0,80938.0,529859.0,610797.0,3059214.0,0.173201,0.199658
338050.0,180862.0,10947.0,80938.0,529859.0,610797.0,2144148.0,0.247119,0.284867
338050.0,180862.0,10947.0,80938.0,529859.0,610797.0,2744992.0,0.193028,0.222513
338050.0,180862.0,10947.0,80938.0,529859.0,610797.0,2976695.0,0.178002,0.205193
338050.0,180862.0,10947.0,80938.0,529859.0,610797.0,2578780.0,0.205469,0.236855
338050.0,180862.0,10947.0,80938.0,529859.0,610797.0,2362190.0,0.224308,0.258572
338050.0,180862.0,10947.0,80938.0,529859.0,610797.0,3026470.0,0.175075,0.201818
338050.0,180862.0,10947.0,80938.0,529859.0,610797.0,2188474.0,0.242113,0.279097
338050.0,180862.0,10947.0,80938.0,529859.0,610797.0,2516340.0,0.210567,0.242732
338050.0,180862.0,10947.0,80938.0,529859.0,610797.0,3339052.0,0.158685,0.182925
338050.0,180862.0,10947.0,80938.0,529859.0,610797.0,2931596.0,0.180741,0.20835
338050.0,180862.0,10947.0,80938.0,529859.0,610797.0,2690394.0,0.196945,0.227029
338050.0,180862.0,10947.0,80938.0,529859.0,610797.0,3946455.0,0.134262,0.154771
338050.0,180862.0,10947.0,80938.0,529859.0,610797.0,2688714.0,0.197068,0.227171
338050.0,180862.0,10947.0,80938.0,529859.0,610797.0,2499182.0,0.212013,0.244399
338050.0,180862.0,10947.0,80938.0,529859.0,610797.0,2510956.0,0.211019,0.243253
338050.0,180862.0,10947.0,80938.0,529859.0,610797.0,2348048.0,0.225659,0.26013
338050.0,180862.0,10947.0,80938.0,529859.0,610797.0,2570856.0,0.206102,0.237585
338050.0,180862.0,10947.0,80938.0,529859.0,610797.0,3729646.0,0.142067,0.163768
338050.0,180862.0,10947.0,80938.0,529859.0,610797.0,2632338.0,0.201288,0.232036
338050.0,180862.0,10947.0,80938.0,529859.0,610797.0,2613238.0,0.20276,0.233732
338050.0,180862.0,10947.0,80938.0,529859.0,610797.0,2420450.0,0.218909,0.252349
338050.0,180862.0,10947.0,80938.0,529859.0,610797.0,2500222.0,0.211925,0.244297
338050.0,180862.0,10947.0,80938.0,529859.0,610797.0,3203336.0,0.165408,0.190675
338050.0,180862.0,10947.0,80938.0,529859.0,610797.0,2422115.0,0.218759,0.252175
338050.0,180862.0,10947.0,80938.0,529859.0,610797.0,3003852.0,0.176393,0.203338
338050.0,180862.0,10947.0,80938.0,529859.0,610797.0,2588502.0,0.204697,0.235965
338050.0,180862.0,10947.0,80938.0,529859.0,610797.0,3025355.0,0.175139,0.201893
338050.0,180862.0,10947.0,80938.0,529859.0,610797.0,2470182.0,0.214502,0.247268
338050.0,180862.0,10947.0,80938.0,529859.0,610797.0,3194142.0,0.165885,0.191224
338050.0,180862.0,10947.0,80938.0,529859.0,610797.0,2321018.0,0.228287,0.263159
338050.0,180862.0,10947.0,80938.0,529859.0,610797.0,3136213.0,0.168949,0.194756
338050.0,180862.0,10947.0,80938.0,529859.0,610797.0,3158859.0,0.167737,0.19336
338050.0,180862.0,10947.0,80938.0,529859.0,610797.0,3096634.0,0.171108,0.197245
338050.0,180862.0,10947.0,80938.0,529859.0,610797.0,3009812.0,0.176044,0.202935
338050.0,180862.0,10947.0,80938.0,529859.0,610797.0,2049340.0,0.258551,0.298046
338050.0,180862.0,10947.0,80938.0,529859.0,610797.0,3029160.0,0.174919,0.201639
338050.0,180862.0,10947.0,80938.0,529859.0,610797.0,3075398.0,0.17229,0.198607
338050.0,180862.0,10947.0,80938.0,529859.0,610797.0,3084944.0,0.171756,0.197993
338050.0,180862.0,10947.0,80938.0,529859.0,610797.0,2848446.0,0.186017,0.214432
338050.0,180862.0,10947.0,80938.0,529859.0,610797.0,2803809.0,0.188978,0.217845
338050.0,180862.0,10947.0,80938.0,529859.0,610797.0,2535052.0,0.209013,0.240941
338050.0,180862.0,10947.0,80938.0,529859.0,610797.0,3274452.0,0.161816,0.186534
338050.0,180862.0,10947.0,80938.0,529859.0,610797.0,2898512.0,0.182804,0.210728
338050.0,180862.0,10947.0,80938.0,529859.0,610797.0,2551375.0,0.207676,0.239399
338050.0,180862.0,10947.0,80938.0,529859.0,610797.0,3171172.0,0.167086,0.192609
338050.0,180862.0,10947.0,80938.0,529859.0,610797.0,2609044.0,0.203085,0.234108
338050.0,180862.0,10947.0,80938.0,529859.0,610797.0,2592890.0,0.204351,0.235566
338050.0,180862.0,10947.0,80938.0,529859.0,610797.0,2747776.0,0.192832,0.222288
338050.0,180862.0,10947.0,80938.0,529859.0,610797.0,2744615.0,0.193054,0.222544
338050.0,180862.0,10947.0,80938.0,529859.0,610797.0,3042748.0,0.174138,0.200739
338050.0,180862.0,10947.0,80938.0,529859.0,610797.0,2802674.0,0.189055,0.217934
338050.0,180862.0,10947.0,80938.0,529859.0,610797.0,2554350.0,0.207434,0.23912
338050.0,180862.0,10947.0,80938.0,529859.0,610797.0,2988625.0,0.177292,0.204374
338050.0,180862.0,10947.0,80938.0,529859.0,610797.0,2728630.0,0.194185,0.223847
338050.0,180862.0,10947.0,80938.0,529859.0,610797.0,2919590.0,0.181484,0.209206
338050.0,180862.0,10947.0,80938.0,529859.0,610797.0,2711711.0,0.195397,0.225244
338050.0,180862.0,10947.0,80938.0,529859.0,610797.0,2651406.0,0.199841,0.230367
338050.0,180862.0,10947.0,80938.0,529859.0,610797.0,2651256.0,0.199852,0.23038
338050.0,180862.0,10947.0,80938.0,529859.0,610797.0,2401359.0,0.22065,0.254355
338050.0,180862.0,10947.0,80938.0,529859.0,610797.0,2870402.0,0.184594,0.212791
338050.0,180862.0,10947.0,80938.0,529859.0,610797.0,2421278.0,0.218834,0.252262
338050.0,180862.0,10947.0,80938.0,529859.0,610797.0,2796518.0,0.189471,0.218413
338050.0,180862.0,10947.0,80938.0,529859.0,610797.0,3073109.0,0.172418,0.198755
338050.0,180862.0,10947.0,80938.0,529859.0,610797.0,2971808.0,0.178295,0.20553
338050.0,180862.0,10947.0,80938.0,529859.0,610797.0,3677204.0,0.144093,0.166104
338050.0,180862.0,10947.0,80938.0,529859.0,610797.0,2344816.0,0.22597,0.260488
338050.0,180862.0,10947.0,80938.0,529859.0,610797.0,2786810.0,0.190131,0.219174
338050.0,180862.0,10947.0,80938.0,529859.0,610797.0,2844510.0,0.186274,0.214728
338050.0,180862.0,10947.0,80938.0,529859.0,610797.0,2505442.0,0.211483,0.243788
338050.0,180862.0,10947.0,80938.0,529859.0,610797.0,2233352.0,0.237248,0.273489
338050.0,180862.0,10947.0,80938.0,529859.0,610797.0,2229732.0,0.237633,0.273933
338050.0,180862.0,10947.0,80938.0,529859.0,610797.0,2692131.0,0.196818,0.226882
338050.0,180862.0,10947.0,80938.0,529859.0,610797.0,2466998.0,0.214779,0.247587
338050.0,180862.0,10947.0,80938.0,529859.0,610797.0,2911891.0,0.181964,0.20976
338050.0,180862.0,10947.0,80938.0,529859.0,610797.0,2282668.0,0.232123,0.26758
338050.0,180862.0,10947.0,80938.0,529859.0,610797.0,2818742.0,0.187977,0.216691
338050.0,180862.0,10947.0,80938.0,529859.0,610797.0,2733278.0,0.193855,0.223467
338050.0,180862.0,10947.0,80938.0,529859.0,610797.0,2350024.0,0.22547,0.259911
338050.0,180862.0,10947.0,80938.0,529859.0,610797.0,2872684.0,0.184447,0.212622
338050.0,180862.0,10947.0,80938.0,529859.0,610797.0,2941050.0,0.18016,0.20768
338050.0,180862.0,10947.0,80938.0,529859.0,610797.0,3340416.0,0.158621,0.182851
338050.0,180862.0,10947.0,80938.0,529859.0,610797.0,2777552.0,0.190765,0.219905
338050.0,180862.0,10947.0,80938.0,529859.0,610797.0,2928288.0,0.180945,0.208585
338050.0,180862.0,10947.0,80938.0,529859.0,610797.0,3036152.0,0.174517,0.201175
338050.0,180862.0,10947.0,80938.0,529859.0,610797.0,2923963.0,0.181213,0.208894
338050.0,180862.0,10947.0,80938.0,529859.0,610797.0,3125882.0,0.169507,0.1954
338050.0,180862.0,10947.0,80938.0,529859.0,610797.0,2290896.0,0.231289,0.266619
338050.0,180862.0,10947.0,80938.0,529859.0,610797.0,3069709.0,0.172609,0.198976
338050.0,180862.0,10947.0,80938.0,529859.0,610797.0,2788452.0,0.190019,0.219045
338050.0,180862.0,10947.0,80938.0,529859.0,610797.0,3067737.0,0.17272,0.199103
338050.0,180862.0,10947.0,80938.0,529859.0,610797.0,2866608.0,0.184838,0.213073
338050.0,180862.0,10947.0,80938.0,529859.0,610797.0,2675831.0,0.198017,0.228264
338050.0,180862.0,10947.0,80938.0,529859.0,610797.0,2194152.0,0.241487,0.278375
338050.0,180862.0,10947.0,80938.0,529859.0,610797.0,2696742.0,0.196481,0.226494
338050.0,180862.0,10947.0,80938.0,529859.0,610797.0,2443942.0,0.216805,0.249923
338050.0,180862.0,10947.0,80938.0,529859.0,610797.0,2431814.0,0.217886,0.251169
338050.0,180862.0,10947.0,80938.0,529859.0,610797.0,2781656.0,0.190483,0.21958
338050.0,180862.0,10947.0,80938.0,529859.0,610797.0,3133910.0,0.169073,0.194899
338050.0,180862.0,10947.0,80938.0,529859.0,610797.0,2582246.0,0.205193,0.236537
338050.0,180862.0,10947.0,80938.0,529859.0,610797.0,2913152.0,0.181885,0.209669
338050.0,180862.0,10947.0,80938.0,529859.0,610797.0,3046407.0,0.173929,0.200498
338050.0,180862.0,10947.0,80938.0,529859.0,610797.0,2636740.0,0.200952,0.231649
338050.0,180862.0,10947.0,80938.0,529859.0,610797.0,3081640.0,0.171941,0.198205
338050.0,180862.0,10947.0,80938.0,529859.0,610797.0,2458932.0,0.215483,0.248399
338050.0,180862.0,10947.0,80938.0,529859.0,610797.0,3125804.0,0.169511,0.195405
338050.0,180862.0,10947.0,80938.0,529859.0,610797.0,2562042.0,0.206811,0.238402
338050.0,180862.0,10947.0,80938.0,529859.0,610797.0,2737487.0,0.193557,0.223123
338050.0,180862.0,10947.0,80938.0,529859.0,610797.0,2926994.0,0.181025,0.208677
338050.0,180862.0,10947.0,80938.0,529859.0,610797.0,2848846.0,0.185991,0.214402
338050.0,180862.0,10947.0,80938.0,529859.0,610797.0,2843170.0,0.186362,0.21483
338050.0,180862.0,10947.0,80938.0,529859.0,610797.0,3268642.0,0.162104,0.186866
338050.0,180862.0,10947.0,80938.0,529859.0,610797.0,2293060.0,0.231071,0.266368
338050.0,180862.0,10947.0,80938.0,529859.0,610797.0,2516530.0,0.210551,0.242714
338050.0,180862.0,10947.0,80938.0,529859.0,610797.0,3292288.0,0.160939,0.185524
338050.0,180862.0,10947.0,80938.0,529859.0,610797.0,2609068.0,0.203084,0.234105
338050.0,180862.0,10947.0,80938.0,529859.0,610797.0,2297974.0,0.230577,0.265798
338050.0,180862.0,10947.0,80938.0,529859.0,610797.0,2900658.0,0.182669,0.210572
338050.0,180862.0,10947.0,80938.0,529859.0,610797.0,3046703.0,0.173912,0.200478
338050.0,180862.0,10947.0,80938.0,529859.0,610797.0,3066426.0,0.172794,0.199189
338050.0,180862.0,10947.0,80938.0,529859.0,610797.0,2885242.0,0.183645,0.211697
338050.0,180862.0,10947.0,80938.0,529859.0,610797.0,2311398.0,0.229237,0.264254
338050.0,180862.0,10947.0,80938.0,529859.0,610797.0,2343248.0,0.226122,0.260663
338050.0,180862.0,10947.0,80938.0,529859.0,610797.0,2300666.0,0.230307,0.265487
338050.0,180862.0,10947.0,80938.0,529859.0,610797.0,2197752.0,0.241091,0.277919
338050.0,180862.0,10947.0,80938.0,529859.0,610797.0,2277256.0,0.232674,0.268216
338050.0,180862.0,10947.0,80938.0,529859.0,610797.0,2524282.0,0.209905,0.241969
338050.0,180862.0,10947.0,80938.0,529859.0,610797.0,2509181.0,0.211168,0.243425
338050.0,180862.0,10947.0,80938.0,529859.0,610797.0,2815858.0,0.18817,0.216913
338050.0,180862.0,10947.0,80938.0,529859.0,610797.0,3395245.0,0.156059,0.179898
338050.0,180862.0,10947.0,80938.0,529859.0,610797.0,3427340.0,0.154598,0.178213
338050.0,180862.0,10947.0,80938.0,529859.0,610797.0,2708618.0,0.19562,0.225501
338050.0,180862.0,10947.0,80938.0,529859.0,610797.0,3236036.0,0.163737,0.188749
338050.0,180862.0,10947.0,80938.0,529859.0,610797.0,2113723.0,0.250676,0.288967
338050.0,180862.0,10947.0,80938.0,529859.0,610797.0,2570626.0,0.206121,0.237606
338050.0,180862.0,10947.0,80938.0,529859.0,610797.0,2977198.0,0.177972,0.205158
338050.0,180862.0,10947.0,80938.0,529859.0,610797.0,3384386.0,0.15656,0.180475
338050.0,180862.0,10947.0,80938.0,529859.0,610797.0,2892032.0,0.183213,0.2112
338050.0,180862.0,10947.0,80938.0,529859.0,610797.0,2475443.0,0.214046,0.246743
338050.0,180862.0,10947.0,80938.0,529859.0,610797.0,2704210.0,0.195939,0.225869
338050.0,180862.0,10947.0,80938.0,529859.0,610797.0,2602024.0,0.203633,0.234739
338050.0,180862.0,10947.0,80938.0,529859.0,610797.0,2544054.0,0.208273,0.240088
338050.0,180862.0,10947.0,80938.0,529859.0,610797.0,2438340.0,0.217303,0.250497
338050.0,180862.0,10947.0,80938.0,529859.0,610797.0,2439738.0,0.217179,0.250354
338050.0,180862.0,10947.0,80938.0,529859.0,610797.0,2453012.0,0.216003,0.248999
338050.0,180862.0,10947.0,80938.0,529859.0,610797.0,3201420.0,0.165507,0.190789
338050.0,180862.0,10947.0,80938.0,529859.0,610797.0,2669776.0,0.198466,0.228782
338050.0,180862.0,10947.0,80938.0,529859.0,610797.0,2779288.0,0.190646,0.219767
338050.0,180862.0,10947.0,80938.0,529859.0,610797.0,2671700.0,0.198323,0.228617
338050.0,180862.0,10947.0,80938.0,529859.0,610797.0,3100065.0,0.170919,0.197027
338050.0,180862.0,10947.0,80938.0,529859.0,610797.0,2390540.0,0.221648,0.255506
338050.0,180862.0,10947.0,80938.0,529859.0,610797.0,2637596.0,0.200887,0.231573
338050.0,180862.0,10947.0,80938.0,529859.0,610797.0,2357408.0,0.224763,0.259097
338050.0,180862.0,10947.0,80938.0,529859.0,610797.0,2202550.0,0.240566,0.277314
338050.0,180862.0,10947.0,80938.0,529859.0,610797.0,2346002.0,0.225856,0.260357
338050.0,180862.0,10947.0,80938.0,529859.0,610797.0,2829964.0,0.187232,0.215832
338050.0,180862.0,10947.0,80938.0,529859.0,610797.0,2280218.0,0.232372,0.267868
338050.0,180862.0,10947.0,80938.0,529859.0,610797.0,2088424.0,0.253712,0.292468
338050.0,180862.0,10947.0,80938.0,529859.0,610797.0,3349117.0,0.158209,0.182376
338050.0,180862.0,10947.0,80938.0,529859.0,610797.0,2180290.0,0.243022,0.280145
338050.0,180862.0,10947.0,80938.0,529859.0,610797.0,3203290.0,0.165411,0.190678
338050.0,180862.0,10947.0,80938.0,529859.0,610797.0,2285508.0,0.231834,0.267248
338050.0,180862.0,10947.0,80938.0,529859.0,610797.0,3091496.0,0.171392,0.197573
338050.0,180862.0,10947.0,80938.0,529859.0,610797.0,2916418.0,0.181681,0.209434
338050.0,180862.0,10947.0,80938.0,529859.0,610797.0,2822536.0,0.187724,0.2164
338050.0,180862.0,10947.0,80938.0,529859.0,610797.0,2603778.0,0.203496,0.234581
338050.0,180862.0,10947.0,80938.0,529859.0,610797.0,2568308.0,0.206307,0.237821
338050.0,180862.0,10947.0,80938.0,529859.0,610797.0,2550546.0,0.207743,0.239477
338050.0,180862.0,10947.0,80938.0,529859.0,610797.0,2857200.0,0.185447,0.213775
338050.0,180862.0,10947.0,80938.0,529859.0,610797.0,2313204.0,0.229058,0.264048
338050.0,180862.0,10947.0,80938.0,529859.0,610797.0,2560600.0,0.206928,0.238537
338050.0,180862.0,10947.0,80938.0,529859.0,610797.0,2865931.0,0.184882,0.213123
338050.0,180862.0,10947.0,80938.0,529859.0,610797.0,2130675.0,0.248681,0.286668
338050.0,180862.0,10947.0,80938.0,529859.0,610797.0,2310450.0,0.229332,0.264363
338050.0,180862.0,10947.0,80938.0,529859.0,610797.0,2711068.0,0.195443,0.225298
338050.0,180862.0,10947.0,80938.0,529859.0,610797.0,2497380.0,0.212166,0.244575
338050.0,180862.0,10947.0,80938.0,529859.0,610797.0,2452432.0,0.216055,0.249058
338050.0,180862.0,10947.0,80938.0,529859.0,610797.0,2735439.0,0.193702,0.22329
338050.0,180862.0,10947.0,80938.0,529859.0,610797.0,2727074.0,0.194296,0.223975
338050.0,180862.0,10947.0,80938.0,529859.0,610797.0,3007948.0,0.176153,0.203061
338050.0,180862.0,10947.0,80938.0,529859.0,610797.0,2871120.0,0.184548,0.212738
338050.0,180862.0,10947.0,80938.0,529859.0,610797.0,2607928.0,0.203172,0.234208
338050.0,180862.0,10947.0,80938.0,529859.0,610797.0,2511692.0,0.210957,0.243181
338050.0,180862.0,10947.0,80938.0,529859.0,610797.0,3172695.0,0.167006,0.192517
338050.0,180862.0,10947.0,80938.0,529859.0,610797.0,3030282.0,0.174855,0.201564
338050.0,180862.0,10947.0,80938.0,529859.0,610797.0,2207756.0,0.239999,0.27666
338050.0,180862.0,10947.0,80938.0,529859.0,610797.0,2324114.0,0.227983,0.262809
338050.0,180862.0,10947.0,80938.0,529859.0,610797.0,3048444.0,0.173813,0.200364
338050.0,180862.0,10947.0,80938.0,529859.0,610797.0,2530328.0,0.209403,0.24139
338050.0,180862.0,10947.0,80938.0,529859.0,610797.0,2841485.0,0.186473,0.214957
338050.0,180862.0,10947.0,80938.0,529859.0,610797.0,2452452.0,0.216053,0.249056
338050.0,180862.0,10947.0,80938.0,529859.0,610797.0,2368552.0,0.223706,0.257878
338050.0,180862.0,10947.0,80938.0,529859.0,610797.0,2710764.0,0.195465,0.225323
338050.0,180862.0,10947.0,80938.0,529859.0,610797.0,2925065.0,0.181144,0.208815
338050.0,180862.0,10947.0,80938.0,529859.0,610797.0,3048272.0,0.173823,0.200375
338050.0,180862.0,10947.0,80938.0,529859.0,610797.0,3186093.0,0.166304,0.191707
338050.0,180862.0,10947.0,80938.0,529859.0,610797.0,2787560.0,0.19008,0.219115
338050.0,180862.0,10947.0,80938.0,529859.0,610797.0,2963854.0,0.178774,0.206082
338050.0,180862.0,10947.0,80938.0,529859.0,610797.0,2681140.0,0.197625,0.227812
338050.0,180862.0,10947.0,80938.0,529859.0,610797.0,3380379.0,0.156745,0.180689
338050.0,180862.0,10947.0,80938.0,529859.0,610797.0,3440452.0,0.154009,0.177534
338050.0,180862.0,10947.0,80938.0,529859.0,610797.0,2563898.0,0.206661,0.23823
338050.0,180862.0,10947.0,80938.0,529859.0,610797.0,2881728.0,0.183868,0.211955
338050.0,180862.0,10947.0,80938.0,529859.0,610797.0,2836132.0,0.186825,0.215363
338050.0,180862.0,10947.0,80938.0,529859.0,610797.0,3238784.0,0.163598,0.188588
338050.0,180862.0,10947.0,80938.0,529859.0,610797.0,2907437.0,0.182243,0.210081
338050.0,180862.0,10947.0,80938.0,529859.0,610797.0,2606712.0,0.203267,0.234317
338050.0,180862.0,10947.0,80938.0,529859.0,610797.0,2438604.0,0.21728,0.25047
338050.0,180862.0,10947.0,80938.0,529859.0,610797.0,2903071.0,0.182517,0.210397
338050.0,180862.0,10947.0,80938.0,529859.0,610797.0,2878322.0,0.184086,0.212206
338050.0,180862.0,10947.0,80938.0,529859.0,610797.0,2822132.0,0.187751,0.216431
338050.0,180862.0,10947.0,80938.0,529859.0,610797.0,3107150.0,0.170529,0.196578
338050.0,180862.0,10947.0,80938.0,529859.0,610797.0,2853050.0,0.185717,0.214086
338050.0,180862.0,10947.0,80938.0,529859.0,610797.0,3280616.0,0.161512,0.186184
338050.0,180862.0,10947.0,80938.0,529859.0,610797.0,2934928.0,0.180536,0.208113
338050.0,180862.0,10947.0,80938.0,529859.0,610797.0,2356678.0,0.224833,0.259177
338050.0,180862.0,10947.0,80938.0,529859.0,610797.0,2345582.0,0.225897,0.260403
338050.0,180862.0,10947.0,80938.0,529859.0,610797.0,2298022.0,0.230572,0.265792
338050.0,180862.0,10947.0,80938.0,529859.0,610797.0,2285032.0,0.231883,0.267303
338050.0,180862.0,10947.0,80938.0,529859.0,610797.0,2371848.0,0.223395,0.257519
338050.0,180862.0,10947.0,80938.0,529859.0,610797.0,2320347.0,0.228353,0.263235
338050.0,180862.0,10947.0,80938.0,529859.0,610797.0,2264910.0,0.233943,0.269678
338050.0,180862.0,10947.0,80938.0,529859.0,610797.0,2292470.0,0.23113,0.266436
338050.0,180862.0,10947.0,80938.0,529859.0,610797.0,3463352.0,0.15299,0.17636
338050.0,180862.0,10947.0,80938.0,529859.0,610797.0,2336024.0,0.226821,0.261469
338050.0,180862.0,10947.0,80938.0,529859.0,610797.0,2302406.0,0.230133,0.265286
338050.0,180862.0,10947.0,80938.0,529859.0,610797.0,2337228.0,0.226704,0.261334
338050.0,180862.0,10947.0,80938.0,529859.0,610797.0,2798102.0,0.189364,0.21829
338050.0,180862.0,10947.0,80938.0,529859.0,610797.0,2217308.0,0.238965,0.275468
338050.0,180862.0,10947.0,80938.0,529859.0,610797.0,2211808.0,0.239559,0.276153
338050.0,180862.0,10947.0,80938.0,529859.0,610797.0,2152348.0,0.246177,0.283782
338050.0,180862.0,10947.0,80938.0,529859.0,610797.0,2275914.0,0.232812,0.268374
338050.0,180862.0,10947.0,80938.0,529859.0,610797.0,2114176.0,0.250622,0.288905
338050.0,180862.0,10947.0,80938.0,529859.0,610797.0,2626624.0,0.201726,0.232541
338050.0,180862.0,10947.0,80938.0,529859.0,610797.0,2293152.0,0.231061,0.266357
338050.0,180862.0,10947.0,80938.0,529859.0,610797.0,2255034.0,0.234967,0.270859
338050.0,180862.0,10947.0,80938.0,529859.0,610797.0,2749350.0,0.192722,0.222161
338050.0,180862.0,10947.0,80938.0,529859.0,610797.0,2880855.0,0.183924,0.212019
338050.0,180862.0,10947.0,80938.0,529859.0,610797.0,2827157.0,0.187418,0.216046
338050.0,180862.0,10947.0,80938.0,529859.0,610797.0,2729028.0,0.194157,0.223815
338050.0,180862.0,10947.0,80938.0,529859.0,610797.0,3190733.0,0.166062,0.191428
338050.0,180862.0,10947.0,80938.0,529859.0,610797.0,3106026.0,0.170591,0.196649
338050.0,180862.0,10947.0,80938.0,529859.0,610797.0,3660482.0,0.144751,0.166862
338050.0,180862.0,10947.0,80938.0,529859.0,610797.0,2709107.0,0.195584,0.225461
338050.0,180862.0,10947.0,80938.0,529859.0,610797.0,2570438.0,0.206136,0.237624
338050.0,180862.0,10947.0,80938.0,529859.0,610797.0,2491206.0,0.212692,0.245181
338050.0,180862.0,10947.0,80938.0,529859.0,610797.0,2497740.0,0.212135,0.24454
338050.0,180862.0,10947.0,80938.0,529859.0,610797.0,2238520.0,0.236701,0.272858
338050.0,180862.0,10947.0,80938.0,529859.0,610797.0,3061714.0,0.17306,0.199495
338050.0,180862.0,10947.0,80938.0,529859.0,610797.0,2544980.0,0.208198,0.240001
338050.0,180862.0,10947.0,80938.0,529859.0,610797.0,2680614.0,0.197663,0.227857
338050.0,180862.0,10947.0,80938.0,529859.0,610797.0,2585676.0,0.204921,0.236223
338050.0,180862.0,10947.0,80938.0,529859.0,610797.0,3078315.0,0.172126,0.198419
338050.0,180862.0,10947.0,80938.0,529859.0,610797.0,3087726.0,0.171602,0.197815
338050.0,180862.0,10947.0,80938.0,529859.0,610797.0,2509366.0,0.211153,0.243407
338050.0,180862.0,10947.0,80938.0,529859.0,610797.0,2737580.0,0.19355,0.223116
338050.0,180862.0,10947.0,80938.0,529859.0,610797.0,2646150.0,0.200238,0.230825
338050.0,180862.0,10947.0,80938.0,529859.0,610797.0,3045694.0,0.17397,0.200544
338050.0,180862.0,10947.0,80938.0,529859.0,610797.0,3129090.0,0.169333,0.1952
338050.0,180862.0,10947.0,80938.0,529859.0,610797.0,2660268.0,0.199175,0.2296
338050.0,180862.0,10947.0,80938.0,529859.0,610797.0,3108059.0,0.170479,0.19652
338050.0,180862.0,10947.0,80938.0,529859.0,610797.0,2313172.0,0.229062,0.264052
338050.0,180862.0,10947.0,80938.0,529859.0,610797.0,2948684.0,0.179693,0.207142
338050.0,180862.0,10947.0,80938.0,529859.0,610797.0,2279286.0,0.232467,0.267977
338050.0,180862.0,10947.0,80938.0,529859.0,610797.0,3113540.0,0.170179,0.196174
338050.0,180862.0,10947.0,80938.0,529859.0,610797.0,2893982.0,0.18309,0.211058
338050.0,180862.0,10947.0,80938.0,529859.0,610797.0,3343969.0,0.158452,0.182656
338050.0,180862.0,10947.0,80938.0,529859.0,610797.0,2731485.0,0.193982,0.223614
338050.0,180862.0,10947.0,80938.0,529859.0,610797.0,3253105.0,0.162878,0.187758
338050.0,180862.0,10947.0,80938.0,529859.0,610797.0,3156027.0,0.167888,0.193534
338050.0,180862.0,10947.0,80938.0,529859.0,610797.0,2572920.0,0.205937,0.237394
338050.0,180862.0,10947.0,80938.0,529859.0,610797.0,2768102.0,0.191416,0.220656
338050.0,180862.0,10947.0,80938.0,529859.0,610797.0,2519430.0,0.210309,0.242435
338050.0,180862.0,10947.0,80938.0,529859.0,610797.0,2361912.0,0.224335,0.258603
338050.0,180862.0,10947.0,80938.0,529859.0,610797.0,2382288.0,0.222416,0.256391
338050.0,180862.0,10947.0,80938.0,529859.0,610797.0,2431526.0,0.217912,0.251199
338050.0,180862.0,10947.0,80938.0,529859.0,610797.0,2436996.0,0.217423,0.250635
338050.0,180862.0,10947.0,80938.0,529859.0,610797.0,2930777.0,0.180791,0.208408
338050.0,180862.0,10947.0,80938.0,529859.0,610797.0,2616770.0,0.202486,0.233416
338050.0,180862.0,10947.0,80938.0,529859.0,610797.0,2475580.0,0.214034,0.246729
338050.0,180862.0,10947.0,80938.0,529859.0,610797.0,2809830.0,0.188573,0.217379
338050.0,180862.0,10947.0,80938.0,529859.0,610797.0,3150219.0,0.168198,0.19389
338050.0,180862.0,10947.0,80938.0,529859.0,610797.0,2504878.0,0.211531,0.243843
338050.0,180862.0,10947.0,80938.0,529859.0,610797.0,2524666.0,0.209873,0.241932
338050.0,180862.0,10947.0,80938.0,529859.0,610797.0,3176360.0,0.166813,0.192295
338050.0,180862.0,10947.0,80938.0,529859.0,610797.0,2883300.0,0.183768,0.21184
338050.0,180862.0,10947.0,80938.0,529859.0,610797.0,2409610.0,0.219894,0.253484
338050.0,180862.0,10947.0,80938.0,529859.0,610797.0,3016686.0,0.175643,0.202473
338050.0,180862.0,10947.0,80938.0,529859.0,610797.0,2708388.0,0.195636,0.22552
338050.0,180862.0,10947.0,80938.0,529859.0,610797.0,2505838.0,0.21145,0.24375
338050.0,180862.0,10947.0,80938.0,529859.0,610797.0,2546740.0,0.208054,0.239835
338050.0,180862.0,10947.0,80938.0,529859.0,610797.0,2800978.0,0.189169,0.218066
338050.0,180862.0,10947.0,80938.0,529859.0,610797.0,3005832.0,0.176277,0.203204
338050.0,180862.0,10947.0,80938.0,529859.0,610797.0,2930242.0,0.180824,0.208446
338050.0,180862.0,10947.0,80938.0,529859.0,610797.0,3037014.0,0.174467,0.201118
338050.0,180862.0,10947.0,80938.0,529859.0,610797.0,3122770.0,0.169676,0.195595
338050.0,180862.0,10947.0,80938.0,529859.0,610797.0,3107138.0,0.17053,0.196579
338050.0,180862.0,10947.0,80938.0,529859.0,610797.0,2812757.0,0.188377,0.217152
338050.0,180862.0,10947.0,80938.0,529859.0,610797.0,2714377.0,0.195205,0.225023
338050.0,180862.0,10947.0,80938.0,529859.0,610797.0,2723980.0,0.194516,0.22423
338050.0,180862.0,10947.0,80938.0,529859.0,610797.0,2520030.0,0.210259,0.242377
338050.0,180862.0,10947.0,80938.0,529859.0,610797.0,2540732.0,0.208546,0.240402
338050.0,180862.0,10947.0,80938.0,529859.0,610797.0,2630900.0,0.201398,0.232163
338050.0,180862.0,10947.0,80938.0,529859.0,610797.0,2983679.0,0.177586,0.204713
338050.0,180862.0,10947.0,80938.0,529859.0,610797.0,2939540.0,0.180252,0.207787
338050.0,180862.0,10947.0,80938.0,529859.0,610797.0,2672612.0,0.198255,0.228539
338050.0,180862.0,10947.0,80938.0,529859.0,610797.0,2640464.0,0.200669,0.231322
338050.0,180862.0,10947.0,80938.0,529859.0,610797.0,2873953.0,0.184366,0.212529
338050.0,180862.0,10947.0,80938.0,529859.0,610797.0,2602070.0,0.20363,0.234735
338050.0,180862.0,10947.0,80938.0,529859.0,610797.0,3344300.0,0.158436,0.182638
338050.0,180862.0,10947.0,80938.0,529859.0,610797.0,2734964.0,0.193735,0.223329
338050.0,180862.0,10947.0,80938.0,529859.0,610797.0,2880312.0,0.183959,0.212059
338050.0,180862.0,10947.0,80938.0,529859.0,610797.0,2884300.0,0.183705,0.211766
338050.0,180862.0,10947.0,80938.0,529859.0,610797.0,2578196.0,0.205515,0.236909
338050.0,180862.0,10947.0,80938.0,529859.0,610797.0,3136139.0,0.168953,0.194761
338050.0,180862.0,10947.0,80938.0,529859.0,610797.0,3013276.0,0.175842,0.202702
338050.0,180862.0,10947.0,80938.0,529859.0,610797.0,2903104.0,0.182515,0.210394
338050.0,180862.0,10947.0,80938.0,529859.0,610797.0,2829487.0,0.187263,0.215868
338050.0,180862.0,10947.0,80938.0,529859.0,610797.0,3271069.0,0.161983,0.186727
338050.0,180862.0,10947.0,80938.0,529859.0,610797.0,2611036.0,0.202931,0.233929
338050.0,180862.0,10947.0,80938.0,529859.0,610797.0,2898004.0,0.182836,0.210765
338050.0,180862.0,10947.0,80938.0,529859.0,610797.0,2782448.0,0.190429,0.219518
338050.0,180862.0,10947.0,80938.0,529859.0,610797.0,2810816.0,0.188507,0.217302
338050.0,180862.0,10947.0,80938.0,529859.0,610797.0,2453933.0,0.215922,0.248905
338050.0,180862.0,10947.0,80938.0,529859.0,610797.0,2656349.0,0.199469,0.229939
338050.0,180862.0,10947.0,80938.0,529859.0,610797.0,2435964.0,0.217515,0.250741
338050.0,180862.0,10947.0,80938.0,529859.0,610797.0,3127550.0,0.169417,0.195296
338050.0,180862.0,10947.0,80938.0,529859.0,610797.0,3019790.0,0.175462,0.202265
338050.0,180862.0,10947.0,80938.0,529859.0,610797.0,2438212.0,0.217315,0.25051
338050.0,180862.0,10947.0,80938.0,529859.0,610797.0,2550114.0,0.207779,0.239518
338050.0,180862.0,10947.0,80938.0,529859.0,610797.0,2507406.0,0.211318,0.243597
338050.0,180862.0,10947.0,80938.0,529859.0,610797.0,2642348.0,0.200526,0.231157
338050.0,180862.0,10947.0,80938.0,529859.0,610797.0,2471792.0,0.214362,0.247107
338050.0,180862.0,10947.0,80938.0,529859.0,610797.0,2986009.0,0.177447,0.204553
338050.0,180862.0,10947.0,80938.0,529859.0,610797.0,2322692.0,0.228123,0.262969
338050.0,180862.0,10947.0,80938.0,529859.0,610797.0,3003288.0,0.176426,0.203376
338050.0,180862.0,10947.0,80938.0,529859.0,610797.0,2964103.0,0.178759,0.206065
338050.0,180862.0,10947.0,80938.0,529859.0,610797.0,3146818.0,0.168379,0.1941
338050.0,180862.0,10947.0,80938.0,529859.0,610797.0,2878876.0,0.184051,0.212165
338050.0,180862.0,10947.0,80938.0,529859.0,610797.0,3061164.0,0.173091,0.199531
338050.0,180862.0,10947.0,80938.0,529859.0,610797.0,3532452.0,0.149998,0.17291
338050.0,180862.0,10947.0,80938.0,529859.0,610797.0,2428754.0,0.218161,0.251486
338050.0,180862.0,10947.0,80938.0,529859.0,610797.0,3455884.0,0.153321,0.176741
338050.0,180862.0,10947.0,80938.0,529859.0,610797.0,2711223.0,0.195432,0.225285
338050.0,180862.0,10947.0,80938.0,529859.0,610797.0,2975172.0,0.178094,0.205298
338050.0,180862.0,10947.0,80938.0,529859.0,610797.0,3929002.0,0.134858,0.155459
338050.0,180862.0,10947.0,80938.0,529859.0,610797.0,2312410.0,0.229137,0.264139
338050.0,180862.0,10947.0,80938.0,529859.0,610797.0,2530264.0,0.209409,0.241397
338050.0,180862.0,10947.0,80938.0,529859.0,610797.0,2603884.0,0.203488,0.234572
338050.0,180862.0,10947.0,80938.0,529859.0,610797.0,2324096.0,0.227985,0.262811
338050.0,180862.0,10947.0,80938.0,529859.0,610797.0,3223658.0,0.164366,0.189473
338050.0,180862.0,10947.0,80938.0,529859.0,610797.0,3117852.0,0.169944,0.195903
338050.0,180862.0,10947.0,80938.0,529859.0,610797.0,3209776.0,0.165077,0.190293
338050.0,180862.0,10947.0,80938.0,529859.0,610797.0,2526356.0,0.209733,0.24177
338050.0,180862.0,10947.0,80938.0,529859.0,610797.0,3283579.0,0.161366,0.186016
338050.0,180862.0,10947.0,80938.0,529859.0,610797.0,1972930.0,0.268565,0.309589
338050.0,180862.0,10947.0,80938.0,529859.0,610797.0,2963442.0,0.178799,0.206111
338050.0,180862.0,10947.0,80938.0,529859.0,610797.0,2958828.0,0.179077,0.206432
338050.0,180862.0,10947.0,80938.0,529859.0,610797.0,2524872.0,0.209856,0.241912
338050.0,180862.0,10947.0,80938.0,529859.0,610797.0,2764894.0,0.191638,0.220912
338050.0,180862.0,10947.0,80938.0,529859.0,610797.0,2817732.0,0.188044,0.216769
338050.0,180862.0,10947.0,80938.0,529859.0,610797.0,2600202.0,0.203776,0.234904
338050.0,180862.0,10947.0,80938.0,529859.0,610797.0,2573530.0,0.205888,0.237338
338050.0,180862.0,10947.0,80938.0,529859.0,610797.0,2526614.0,0.209711,0.241745
338050.0,180862.0,10947.0,80938.0,529859.0,610797.0,3059228.0,0.1732,0.199657
338050.0,180862.0,10947.0,80938.0,529859.0,610797.0,2647618.0,0.200127,0.230697
338050.0,180862.0,10947.0,80938.0,529859.0,610797.0,2480968.0,0.213569,0.246193
338050.0,180862.0,10947.0,80938.0,529859.0,610797.0,2703234.0,0.196009,0.22595
338050.0,180862.0,10947.0,80938.0,529859.0,610797.0,2440624.0,0.2171,0.250263
338050.0,180862.0,10947.0,80938.0,529859.0,610797.0,2451184.0,0.216165,0.249184
338050.0,180862.0,10947.0,80938.0,529859.0,610797.0,3133191.0,0.169112,0.194944
338050.0,180862.0,10947.0,80938.0,529859.0,610797.0,2540210.0,0.208589,0.240451
338050.0,180862.0,10947.0,80938.0,529859.0,610797.0,2917846.0,0.181593,0.209331
338050.0,180862.0,10947.0,80938.0,529859.0,610797.0,3131414.0,0.169208,0.195055
338050.0,180862.0,10947.0,80938.0,529859.0,610797.0,2727358.0,0.194276,0.223952
338050.0,180862.0,10947.0,80938.0,529859.0,610797.0,3265356.0,0.162267,0.187054
338050.0,180862.0,10947.0,80938.0,529859.0,610797.0,2901052.0,0.182644,0.210543
338050.0,180862.0,10947.0,80938.0,529859.0,610797.0,2856234.0,0.18551,0.213847
338050.0,180862.0,10947.0,80938.0,529859.0,610797.0,2841035.0,0.186502,0.214991
338050.0,180862.0,10947.0,80938.0,529859.0,610797.0,2801728.0,0.189119,0.218007
338050.0,180862.0,10947.0,80938.0,529859.0,610797.0,2203776.0,0.240432,0.277159
338050.0,180862.0,10947.0,80938.0,529859.0,610797.0,3470012.0,0.152697,0.176022
338050.0,180862.0,10947.0,80938.0,529859.0,610797.0,3309000.0,0.160127,0.184587
338050.0,180862.0,10947.0,80938.0,529859.0,610797.0,2834104.0,0.186958,0.215517
338050.0,180862.0,10947.0,80938.0,529859.0,610797.0,2747440.0,0.192856,0.222315
338050.0,180862.0,10947.0,80938.0,529859.0,610797.0,2614610.0,0.202653,0.233609
338050.0,180862.0,10947.0,80938.0,529859.0,610797.0,2766169.0,0.19155,0.22081
338050.0,180862.0,10947.0,80938.0,529859.0,610797.0,2473414.0,0.214222,0.246945
338050.0,180862.0,10947.0,80938.0,529859.0,610797.0,3329506.0,0.15914,0.18345
338050.0,180862.0,10947.0,80938.0,529859.0,610797.0,2902146.0,0.182575,0.210464
338050.0,180862.0,10947.0,80938.0,529859.0,610797.0,3015308.0,0.175723,0.202565
338050.0,180862.0,10947.0,80938.0,529859.0,610797.0,2783744.0,0.19034,0.219416
338050.0,180862.0,10947.0,80938.0,529859.0,610797.0,2567606.0,0.206363,0.237886
338050.0,180862.0,10947.0,80938.0,529859.0,610797.0,3105344.0,0.170628,0.196692
338050.0,180862.0,10947.0,80938.0,529859.0,610797.0,3221234.0,0.164489,0.189616
338050.0,180862.0,10947.0,80938.0,529859.0,610797.0,3162106.0,0.167565,0.193161
338050.0,180862.0,10947.0,80938.0,529859.0,610797.0,3033525.0,0.174668,0.201349
338050.0,180862.0,10947.0,80938.0,529859.0,610797.0,2459980.0,0.215392,0.248293
338050.0,180862.0,10947.0,80938.0,529859.0,610797.0,2947306.0,0.179777,0.207239
338050.0,180862.0,10947.0,80938.0,529859.0,610797.0,2655464.0,0.199535,0.230015
338050.0,180862.0,10947.0,80938.0,529859.0,610797.0,2309390.0,0.229437,0.264484
338050.0,180862.0,10947.0,80938.0,529859.0,610797.0,2361174.0,0.224405,0.258684
338050.0,180862.0,10947.0,80938.0,529859.0,610797.0,2709155.0,0.195581,0.225457
338050.0,180862.0,10947.0,80938.0,529859.0,610797.0,2746315.0,0.192935,0.222406
338050.0,180862.0,10947.0,80938.0,529859.0,610797.0,3395614.0,0.156042,0.179878
338050.0,180862.0,10947.0,80938.0,529859.0,610797.0,2428672.0,0.218168,0.251494
338050.0,180862.0,10947.0,80938.0,529859.0,610797.0,3319994.0,0.159596,0.183975
338050.0,180862.0,10947.0,80938.0,529859.0,610797.0,2988352.0,0.177308,0.204393
338050.0,180862.0,10947.0,80938.0,529859.0,610797.0,3422142.0,0.154833,0.178484
338050.0,180862.0,10947.0,80938.0,529859.0,610797.0,2546530.0,0.208071,0.239855
338050.0,180862.0,10947.0,80938.0,529859.0,610797.0,3053316.0,0.173536,0.200044
338050.0,180862.0,10947.0,80938.0,529859.0,610797.0,2995214.0,0.176902,0.203924
338050.0,180862.0,10947.0,80938.0,529859.0,610797.0,2592796.0,0.204358,0.235575
338050.0,180862.0,10947.0,80938.0,529859.0,610797.0,2492796.0,0.212556,0.245025
338050.0,180862.0,10947.0,80938.0,529859.0,610797.0,2560326.0,0.20695,0.238562
338050.0,180862.0,10947.0,80938.0,529859.0,610797.0,3718343.0,0.142499,0.164266
338050.0,180862.0,10947.0,80938.0,529859.0,610797.0,2562760.0,0.206753,0.238336
338050.0,180862.0,10947.0,80938.0,529859.0,610797.0,3186157.0,0.1663,0.191703
338050.0,180862.0,10947.0,80938.0,529859.0,610797.0,2523894.0,0.209937,0.242006
338050.0,180862.0,10947.0,80938.0,529859.0,610797.0,2785746.0,0.190204,0.219258
338050.0,180862.0,10947.0,80938.0,529859.0,610797.0,2434376.0,0.217657,0.250905
338050.0,180862.0,10947.0,80938.0,529859.0,610797.0,2973596.0,0.178188,0.205407
338050.0,180862.0,10947.0,80938.0,529859.0,610797.0,2903998.0,0.182458,0.21033
338050.0,180862.0,10947.0,80938.0,529859.0,610797.0,2719048.0,0.194869,0.224636
338050.0,180862.0,10947.0,80938.0,529859.0,610797.0,4202512.0,0.126081,0.145341
338050.0,180862.0,10947.0,80938.0,529859.0,610797.0,2640420.0,0.200672,0.231326
338050.0,180862.0,10947.0,80938.0,529859.0,610797.0,2858298.0,0.185376,0.213693
338050.0,180862.0,10947.0,80938.0,529859.0,610797.0,3111296.0,0.170302,0.196316
338050.0,180862.0,10947.0,80938.0,529859.0,610797.0,2695162.0,0.196596,0.226627
338050.0,180862.0,10947.0,80938.0,529859.0,610797.0,2544042.0,0.208274,0.240089
338050.0,180862.0,10947.0,80938.0,529859.0,610797.0,2885270.0,0.183643,0.211695
338050.0,180862.0,10947.0,80938.0,529859.0,610797.0,2253500.0,0.235127,0.271044
338050.0,180862.0,10947.0,80938.0,529859.0,610797.0,2269022.0,0.233519,0.26919
338050.0,180862.0,10947.0,80938.0,529859.0,610797.0,2446610.0,0.216569,0.24965
338050.0,180862.0,10947.0,80938.0,529859.0,610797.0,2310902.0,0.229287,0.264311
338050.0,180862.0,10947.0,80938.0,529859.0,610797.0,2413702.0,0.219521,0.253054
338050.0,180862.0,10947.0,80938.0,529859.0,610797.0,3130934.0,0.169234,0.195085
338050.0,180862.0,10947.0,80938.0,529859.0,610797.0,3080830.0,0.171986,0.198257
338050.0,180862.0,10947.0,80938.0,529859.0,610797.0,2334008.0,0.227017,0.261694
338050.0,180862.0,10947.0,80938.0,529859.0,610797.0,2531442.0,0.209311,0.241284
338050.0,180862.0,10947.0,80938.0,529859.0,610797.0,2384192.0,0.222238,0.256186
338050.0,180862.0,10947.0,80938.0,529859.0,610797.0,3957444.0,0.133889,0.154341
338050.0,180862.0,10947.0,80938.0,529859.0,610797.0,2617468.0,0.202432,0.233354
338050.0,180862.0,10947.0,80938.0,529859.0,610797.0,3017692.0,0.175584,0.202405
338050.0,180862.0,10947.0,80938.0,529859.0,610797.0,3284504.0,0.161321,0.185963
338050.0,180862.0,10947.0,80938.0,529859.0,610797.0,2382912.0,0.222358,0.256324
338050.0,180862.0,10947.0,80938.0,529859.0,610797.0,2539268.0,0.208666,0.240541
338050.0,180862.0,10947.0,80938.0,529859.0,610797.0,3236745.0,0.163701,0.188707
338050.0,180862.0,10947.0,80938.0,529859.0,610797.0,2775454.0,0.190909,0.220071
338050.0,180862.0,10947.0,80938.0,529859.0,610797.0,2579882.0,0.205381,0.236754
338050.0,180862.0,10947.0,80938.0,529859.0,610797.0,2695530.0,0.19657,0.226596
338050.0,180862.0,10947.0,80938.0,529859.0,610797.0,2882893.0,0.183794,0.211869
338050.0,180862.0,10947.0,80938.0,529859.0,610797.0,2692976.0,0.196756,0.226811
338050.0,180862.0,10947.0,80938.0,529859.0,610797.0,3140789.0,0.168703,0.194472
338050.0,180862.0,10947.0,80938.0,529859.0,610797.0,2568199.0,0.206315,0.237831
338050.0,180862.0,10947.0,80938.0,529859.0,610797.0,2963705.0,0.178783,0.206092
338050.0,180862.0,10947.0,80938.0,529859.0,610797.0,2218622.0,0.238823,0.275305
338050.0,180862.0,10947.0,80938.0,529859.0,610797.0,2726401.0,0.194344,0.224031
338050.0,180862.0,10947.0,80938.0,529859.0,610797.0,2706236.0,0.195792,0.2257
338050.0,180862.0,10947.0,80938.0,529859.0,610797.0,2853205.0,0.185707,0.214074
338050.0,180862.0,10947.0,80938.0,529859.0,610797.0,3223260.0,0.164386,0.189497
338050.0,180862.0,10947.0,80938.0,529859.0,610797.0,2648610.0,0.200052,0.23061
338050.0,180862.0,10947.0,80938.0,529859.0,610797.0,2300652.0,0.230308,0.265489
338050.0,180862.0,10947.0,80938.0,529859.0,610797.0,2448090.0,0.216438,0.249499
338050.0,180862.0,10947.0,80938.0,529859.0,610797.0,2956090.0,0.179243,0.206623
338050.0,180862.0,10947.0,80938.0,529859.0,610797.0,2797466.0,0.189407,0.218339
338050.0,180862.0,10947.0,80938.0,529859.0,610797.0,2607134.0,0.203234,0.234279
338050.0,180862.0,10947.0,80938.0,529859.0,610797.0,2626272.0,0.201753,0.232572
338050.0,180862.0,10947.0,80938.0,529859.0,610797.0,2837102.0,0.186761,0.215289
338050.0,180862.0,10947.0,80938.0,529859.0,610797.0,2664028.0,0.198894,0.229276
338050.0,180862.0,10947.0,80938.0,529859.0,610797.0,3166507.0,0.167332,0.192893
338050.0,180862.0,10947.0,80938.0,529859.0,610797.0,2638033.0,0.200854,0.231535
338050.0,180862.0,10947.0,80938.0,529859.0,610797.0,3348915.0,0.158218,0.182387
338050.0,180862.0,10947.0,80938.0,529859.0,610797.0,2658167.0,0.199332,0.229781
338050.0,180862.0,10947.0,80938.0,529859.0,610797.0,2799812.0,0.189248,0.218156
338050.0,180862.0,10947.0,80938.0,529859.0,610797.0,2919687.0,0.181478,0.209199
338050.0,180862.0,10947.0,80938.0,529859.0,610797.0,2485262.0,0.2132,0.245768
338050.0,180862.0,10947.0,80938.0,529859.0,610797.0,2464574.0,0.21499,0.247831
338050.0,180862.0,10947.0,80938.0,529859.0,610797.0,2547040.0,0.208029,0.239807
338050.0,180862.0,10947.0,80938.0,529859.0,610797.0,2478324.0,0.213797,0.246456
338050.0,180862.0,10947.0,80938.0,529859.0,610797.0,2980217.0,0.177792,0.204951
338050.0,180862.0,10947.0,80938.0,529859.0,610797.0,2768700.0,0.191375,0.220608
338050.0,180862.0,10947.0,80938.0,529859.0,610797.0,3058363.0,0.173249,0.199714
338050.0,180862.0,10947.0,80938.0,529859.0,610797.0,2516154.0,0.210583,0.24275
338050.0,180862.0,10947.0,80938.0,529859.0,610797.0,2999480.0,0.17665,0.203634
338050.0,180862.0,10947.0,80938.0,529859.0,610797.0,3444957.0,0.153807,0.177302
338050.0,180862.0,10947.0,80938.0,529859.0,610797.0,2906911.0,0.182276,0.210119
338050.0,180862.0,10947.0,80938.0,529859.0,610797.0,2611242.0,0.202915,0.233911
338050.0,180862.0,10947.0,80938.0,529859.0,610797.0,2706147.0,0.195798,0.225707
338050.0,180862.0,10947.0,80938.0,529859.0,610797.0,2405412.0,0.220278,0.253926
338050.0,180862.0,10947.0,80938.0,529859.0,610797.0,3412372.0,0.155276,0.178995
338050.0,180862.0,10947.0,80938.0,529859.0,610797.0,2780936.0,0.190533,0.219637
338050.0,180862.0,10947.0,80938.0,529859.0,610797.0,2532350.0,0.209236,0.241198
338050.0,180862.0,10947.0,80938.0,529859.0,610797.0,2476112.0,0.213988,0.246676
338050.0,180862.0,10947.0,80938.0,529859.0,610797.0,2378868.0,0.222736,0.25676
338050.0,180862.0,10947.0,80938.0,529859.0,610797.0,2794134.0,0.189633,0.2186
338050.0,180862.0,10947.0,80938.0,529859.0,610797.0,3036316.0,0.174507,0.201164
338050.0,180862.0,10947.0,80938.0,529859.0,610797.0,2934737.0,0.180547,0.208127
338050.0,180862.0,10947.0,80938.0,529859.0,610797.0,3212500.0,0.164937,0.190131
338050.0,180862.0,10947.0,80938.0,529859.0,610797.0,3014396.0,0.175776,0.202627
338050.0,180862.0,10947.0,80938.0,529859.0,610797.0,3076107.0,0.17225,0.198562
338050.0,180862.0,10947.0,80938.0,529859.0,610797.0,2938994.0,0.180286,0.207825
338050.0,180862.0,10947.0,80938.0,529859.0,610797.0,2766668.0,0.191515,0.22077
338050.0,180862.0,10947.0,80938.0,529859.0,610797.0,3511612.0,0.150888,0.173936
338050.0,180862.0,10947.0,80938.0,529859.0,610797.0,3419955.0,0.154932,0.178598
338050.0,180862.0,10947.0,80938.0,529859.0,610797.0,2893522.0,0.183119,0.211091
338050.0,180862.0,10947.0,80938.0,529859.0,610797.0,2854476.0,0.185624,0.213979
338050.0,180862.0,10947.0,80938.0,529859.0,610797.0,2494758.0,0.212389,0.244832
338050.0,180862.0,10947.0,80938.0,529859.0,610797.0,2474848.0,0.214098,0.246802
338050.0,180862.0,10947.0,80938.0,529859.0,610797.0,3592913.0,0.147473,0.17
338050.0,180862.0,10947.0,80938.0,529859.0,610797.0,2932944.0,0.180658,0.208254
338050.0,180862.0,10947.0,80938.0,529859.0,610797.0,2458154.0,0.215552,0.248478
338050.0,180862.0,10947.0,80938.0,529859.0,610797.0,2817159.0,0.188083,0.216813
338050.0,180862.0,10947.0,80938.0,529859.0,610797.0,3091105.0,0.171414,0.197598
338050.0,180862.0,10947.0,80938.0,529859.0,610797.0,3048874.0,0.173788,0.200335
338050.0,180862.0,10947.0,80938.0,529859.0,610797.0,2998812.0,0.17669,0.20368
338050.0,180862.0,10947.0,80938.0,529859.0,610797.0,2782555.0,0.190422,0.219509
338050.0,180862.0,10947.0,80938.0,529859.0,610797.0,2923318.0,0.181253,0.20894
338050.0,180862.0,10947.0,80938.0,529859.0,610797.0,3004275.0,0.176368,0.203309
338050.0,180862.0,10947.0,80938.0,529859.0,610797.0,3228668.0,0.164111,0.189179
338050.0,180862.0,10947.0,80938.0,529859.0,610797.0,2978318.0,0.177905,0.205081
338050.0,180862.0,10947.0,80938.0,529859.0,610797.0,2514000.0,0.210763,0.242958
338050.0,180862.0,10947.0,80938.0,529859.0,610797.0,2951538.0,0.17952,0.206942
338050.0,180862.0,10947.0,80938.0,529859.0,610797.0,3091630.0,0.171385,0.197565
338050.0,180862.0,10947.0,80938.0,529859.0,610797.0,2600504.0,0.203752,0.234876
338050.0,180862.0,10947.0,80938.0,529859.0,610797.0,3099908.0,0.170927,0.197037
338050.0,180862.0,10947.0,80938.0,529859.0,610797.0,2847120.0,0.186104,0.214532
338050.0,180862.0,10947.0,80938.0,529859.0,610797.0,3063218.0,0.172975,0.199397
338050.0,180862.0,10947.0,80938.0,529859.0,610797.0,2821260.0,0.187809,0.216498
338050.0,180862.0,10947.0,80938.0,529859.0,610797.0,2772594.0,0.191106,0.220298
338050.0,180862.0,10947.0,80938.0,529859.0,610797.0,2850624.0,0.185875,0.214268
338050.0,180862.0,10947.0,80938.0,529859.0,610797.0,2625958.0,0.201777,0.2326
338050.0,180862.0,10947.0,80938.0,529859.0,610797.0,2706332.0,0.195785,0.225692
338050.0,180862.0,10947.0,80938.0,529859.0,610797.0,3081148.0,0.171968,0.198237
338050.0,180862.0,10947.0,80938.0,529859.0,610797.0,2605360.0,0.203373,0.234439
338050.0,180862.0,10947.0,80938.0,529859.0,610797.0,2681826.0,0.197574,0.227754
338050.0,180862.0,10947.0,80938.0,529859.0,610797.0,2931233.0,0.180763,0.208375
338050.0,180862.0,10947.0,80938.0,529859.0,610797.0,2537458.0,0.208815,0.240712
338050.0,180862.0,10947.0,80938.0,529859.0,610797.0,3178616.0,0.166695,0.192158
338050.0,180862.0,10947.0,80938.0,529859.0,610797.0,2918130.0,0.181575,0.209311
338050.0,180862.0,10947.0,80938.0,529859.0,610797.0,2846806.0,0.186124,0.214555
338050.0,180862.0,10947.0,80938.0,529859.0,610797.0,2672134.0,0.198291,0.22858
338050.0,180862.0,10947.0,80938.0,529859.0,610797.0,2312484.0,0.22913,0.26413
338050.0,180862.0,10947.0,80938.0,529859.0,610797.0,3143362.0,0.168564,0.194313
338050.0,180862.0,10947.0,80938.0,529859.0,610797.0,2429189.0,0.218122,0.251441
338050.0,180862.0,10947.0,80938.0,529859.0,610797.0,2493554.0,0.212491,0.24495
338050.0,180862.0,10947.0,80938.0,529859.0,610797.0,2812948.0,0.188364,0.217138
338050.0,180862.0,10947.0,80938.0,529859.0,610797.0,2642832.0,0.200489,0.231115
338050.0,180862.0,10947.0,80938.0,529859.0,610797.0,2587690.0,0.204761,0.236039
338050.0,180862.0,10947.0,80938.0,529859.0,610797.0,2851113.0,0.185843,0.214231
338050.0,180862.0,10947.0,80938.0,529859.0,610797.0,3297980.0,0.160662,0.185203
338050.0,180862.0,10947.0,80938.0,529859.0,610797.0,2769861.0,0.191294,0.220515
338050.0,180862.0,10947.0,80938.0,529859.0,610797.0,2172960.0,0.243842,0.28109
338050.0,180862.0,10947.0,80938.0,529859.0,610797.0,2997186.0,0.176785,0.20379
338050.0,180862.0,10947.0,80938.0,529859.0,610797.0,2855382.0,0.185565,0.213911
338050.0,180862.0,10947.0,80938.0,529859.0,610797.0,2317576.0,0.228626,0.26355
338050.0,180862.0,10947.0,80938.0,529859.0,610797.0,2296668.0,0.230708,0.265949
338050.0,180862.0,10947.0,80938.0,529859.0,610797.0,2303998.0,0.229974,0.265103
338050.0,180862.0,10947.0,80938.0,529859.0,610797.0,3356191.0,0.157875,0.181991
338050.0,180862.0,10947.0,80938.0,529859.0,610797.0,2352256.0,0.225256,0.259664
338050.0,180862.0,10947.0,80938.0,529859.0,610797.0,2960080.0,0.179002,0.206345
338050.0,180862.0,10947.0,80938.0,529859.0,610797.0,2988434.0,0.177303,0.204387
338050.0,180862.0,10947.0,80938.0,529859.0,610797.0,2924132.0,0.181202,0.208881
338050.0,180862.0,10947.0,80938.0,529859.0,610797.0,2742126.0,0.193229,0.222746
338050.0,180862.0,10947.0,80938.0,529859.0,610797.0,2756110.0,0.192249,0.221616
338050.0,180862.0,10947.0,80938.0,529859.0,610797.0,2683786.0,0.19743,0.227588
338050.0,180862.0,10947.0,80938.0,529859.0,610797.0,2702626.0,0.196053,0.226001
338050.0,180862.0,10947.0,80938.0,529859.0,610797.0,2581252.0,0.205272,0.236628
338050.0,180862.0,10947.0,80938.0,529859.0,610797.0,2980064.0,0.177801,0.204961
338050.0,180862.0,10947.0,80938.0,529859.0,610797.0,2704800.0,0.195896,0.22582
338050.0,180862.0,10947.0,80938.0,529859.0,610797.0,3115445.0,0.170075,0.196054
338050.0,180862.0,10947.0,80938.0,529859.0,610797.0,2890509.0,0.18331,0.211311
338050.0,180862.0,10947.0,80938.0,529859.0,610797.0,3210168.0,0.165056,0.190269
338050.0,180862.0,10947.0,80938.0,529859.0,610797.0,2970664.0,0.178364,0.20561
338050.0,180862.0,10947.0,80938.0,529859.0,610797.0,2577674.0,0.205557,0.236957
338050.0,180862.0,10947.0,80938.0,529859.0,610797.0,3449701.0,0.153596,0.177058
338050.0,180862.0,10947.0,80938.0,529859.0,610797.0,2851408.0,0.185824,0.214209
338050.0,180862.0,10947.0,80938.0,529859.0,610797.0,3130748.0,0.169244,0.195096
338050.0,180862.0,10947.0,80938.0,529859.0,610797.0,2377876.0,0.222829,0.256867
338050.0,180862.0,10947.0,80938.0,529859.0,610797.0,3053075.0,0.173549,0.20006
338050.0,180862.0,10947.0,80938.0,529859.0,610797.0,3157850.0,0.167791,0.193422
338050.0,180862.0,10947.0,80938.0,529859.0,610797.0,2934066.0,0.180589,0.208174
338050.0,180862.0,10947.0,80938.0,529859.0,610797.0,3074290.0,0.172352,0.198679
338050.0,180862.0,10947.0,80938.0,529859.0,610797.0,3297258.0,0.160697,0.185244
338050.0,180862.0,10947.0,80938.0,529859.0,610797.0,2644860.0,0.200335,0.230937
338050.0,180862.0,10947.0,80938.0,529859.0,610797.0,3097356.0,0.171068,0.197199
338050.0,180862.0,10947.0,80938.0,529859.0,610797.0,2567842.0,0.206344,0.237864
338050.0,180862.0,10947.0,80938.0,529859.0,610797.0,2477522.0,0.213867,0.246535
338050.0,180862.0,10947.0,80938.0,529859.0,610797.0,3170614.0,0.167116,0.192643
338050.0,180862.0,10947.0,80938.0,529859.0,610797.0,2571778.0,0.206028,0.2375
338050.0,180862.0,10947.0,80938.0,529859.0,610797.0,3014061.0,0.175796,0.202649
338050.0,180862.0,10947.0,80938.0,529859.0,610797.0,2261072.0,0.23434,0.270136
338050.0,180862.0,10947.0,80938.0,529859.0,610797.0,3431150.0,0.154426,0.178015
338050.0,180862.0,10947.0,80938.0,529859.0,610797.0,2781104.0,0.190521,0.219624
338050.0,180862.0,10947.0,80938.0,529859.0,610797.0,2708016.0,0.195663,0.225551
338050.0,180862.0,10947.0,80938.0,529859.0,610797.0,2891110.0,0.183272,0.211267
338050.0,180862.0,10947.0,80938.0,529859.0,610797.0,3065915.0,0.172822,0.199222
338050.0,180862.0,10947.0,80938.0,529859.0,610797.0,2990162.0,0.177201,0.204269
338050.0,180862.0,10947.0,80938.0,529859.0,610797.0,2877626.0,0.184131,0.212257
338050.0,180862.0,10947.0,80938.0,529859.0,610797.0,2863132.0,0.185063,0.213332
338050.0,180862.0,10947.0,80938.0,529859.0,610797.0,3336592.0,0.158802,0.18306
